date,draw_number,jackpot_status,m1,m2,m3,m4,m5,m6,bonus,powerball
2026-04-01,2573,"$1,000,000",1,2,24,25,30,38,39,1
2026-04-04,2574,"$1,000,000",1,9,25,30,38,40,22,4
2026-04-08,2575,"$1,000,000",7,14,16,29,32,35,12,1
2026-04-11,2576,"$1,000,000",8,22,24,25,29,38,3,4
2026-04-15,2577,"$1,000,000",5,12,29,32,33,40,17,5
2026-04-18,2578,"$1,000,000",1,2,9,19,21,34,24,6
2026-04-22,2579,"$1,000,000",1,6,11,19,28,34,4,5
2026-04-25,2580,"$1,000,000",1,9,14,24,26,32,15,2
2026-04-29,2581,"$1,000,000",7,9,12,21,31,33,26,1
2026-05-02,2582,"$1,000,000",14,15,17,25,29,30,13,3
2026-05-06,2583,"$1,000,000",3,4,16,22,24,34,38,10
2026-05-09,2584,"$1,000,000",3,10,12,18,26,32,36,5
2026-05-13,2585,"$1,000,000",2,5,6,12,14,28,34,6
2026-05-16,2586,"$1,000,000",6,8,13,17,34,36,28,5
2026-05-20,2587,"$1,000,000",8,10,12,14,20,23,40,6
2026-05-23,2588,"$1,000,000",5,11,22,24,34,36,10,1
2026-05-27,2589,"$1,000,000",6,17,19,21,27,32,28,10
2026-05-30,2590,"$1,000,000",8,10,29,35,36,39,3,3
2026-06-03,2591,"$1,000,000",1,4,9,11,13,36,24,9
2026-06-06,2592,"$1,000,000",3,22,29,37,39,40,13,1
2026-06-10,2593,Rollover,2,7,12,17,21,37,35,6
2026-06-13,2594,"$1,000,000",7,8,13,32,33,37,22,5
2026-06-17,2595,Rollover,3,7,10,31,35,37,16,3
2026-06-20,2596,"$1,000,000",6,9,27,28,30,32,36,9
2026-06-24,2597,Rollover,5,7,12,30,32,36,40,6
2026-06-27,2598,"$1,000,000",2,7,21,24,29,37,17,10
2026-07-01,2599,"$1,000,000",1,7,11,32,35,40,39,1
2026-07-04,2600,"$1,000,002",2,15,17,18,26,30,28,9
2026-07-08,2601,"$1,000,000",12,15,27,28,35,40,9,7
2026-07-11,2602,Rollover,10,21,22,26,37,40,15,6
2026-07-15,2603,"$1,000,000",6,10,14,19,20,27,39,1
2026-07-18,2604,"$1,000,000",13,28,30,31,34,35,10,9
2026-07-22,2605,"$1,000,000",3,18,25,26,30,34,37,10
2026-07-25,2606,"$1,000,000",1,12,14,18,22,29,32,8
2026-07-29,2607,"$1,000,000",8,19,21,32,33,35,17,6
2026-08-01,2608,"$1,000,000",8,14,15,24,26,30,7,4
2026-08-05,2609,Rollover,4,13,16,24,32,37,38,2
2026-08-08,2610,"$1,000,000",9,13,21,24,25,35,5,8
2026-08-12,2611,"$1,000,000",2,8,13,19,28,39,24,9
2026-08-15,2612,"$1,000,000",14,15,17,22,32,40,3,9
2026-08-19,2613,"$1,000,000",13,16,19,20,25,37,12,10
2026-08-22,2614,"$1,000,000",3,14,20,22,37,40,12,5
2026-08-26,2615,"$1,000,000",11,13,14,21,27,39,32,8
2026-08-29,2616,"$1,000,000",2,5,20,24,25,31,18,5
2026-09-02,2617,"$1,000,000",4,8,22,25,32,38,34,3
2026-09-05,2618,"$1,000,000",3,14,16,23,31,34,33,7
2026-09-09,2619,"$1,000,000",4,7,20,23,33,34,29,3
1987-08-29,5,Rollover,3,7,8,11,12,23,15,
1987-08-22,4,Rollover,2,4,10,11,29,35,14,
1987-08-15,3,Rollover,5,11,18,22,26,39,38,
1987-08-08,2,Rollover,3,9,13,20,36,39,38,
1987-08-01,1,Rollover,4,8,16,29,32,40,30,
1987-09-26,9,Rollover,2,4,9,15,27,32,37,
1987-09-19,8,Rollover,8,13,17,26,37,38,19,
1987-09-12,7,Rollover,1,5,14,23,28,34,10,
1987-09-05,6,Rollover,1,12,17,20,31,39,4,
1987-10-31,14,Rollover,20,23,26,28,30,39,1,
1987-10-24,13,Rollover,37,5,27,3,30,15,28,
1987-10-17,12,Rollover,6,9,18,21,31,37,33,
1987-10-10,11,Rollover,11,12,15,20,36,39,5,
1987-10-03,10,Rollover,4,11,18,19,20,28,2,
1987-11-28,18,Rollover,1,15,18,28,33,34,5,
1987-11-21,17,Rollover,6,17,18,27,30,39,7,
1987-11-14,16,Rollover,7,20,31,35,36,37,6,
1987-11-07,15,Rollover,17,18,23,29,32,37,8,
1987-12-26,22,Rollover,9,18,25,29,38,39,40,
1987-12-19,21,Rollover,38,5,17,37,15,20,18,
1987-12-12,20,Rollover,5,8,9,18,29,32,6,
1987-12-05,19,Rollover,7,10,24,32,34,40,18,
1988-01-30,27,Rollover,3,5,7,14,28,29,25,
1988-01-23,26,Rollover,7,15,24,27,38,39,19,
1988-01-16,25,Rollover,5,8,12,16,29,34,2,
1988-01-09,24,Rollover,9,12,22,31,34,35,24,
1988-01-02,23,Rollover,13,17,26,27,38,40,36,
1988-02-27,31,Rollover,5,10,11,14,17,34,32,
1988-02-20,30,Rollover,6,15,35,37,39,40,8,
1988-02-13,29,Rollover,21,22,24,25,31,32,15,
1988-02-06,28,Rollover,3,10,13,15,23,33,6,
1988-03-26,35,Rollover,1,8,20,27,30,39,21,
1988-03-19,34,Rollover,2,7,12,18,20,40,17,
1988-03-12,33,Rollover,3,7,14,19,24,39,37,
1988-03-05,32,Rollover,16,20,24,30,32,33,8,
1988-04-30,40,Rollover,2,3,20,24,27,30,31,
1988-04-23,39,Rollover,7,11,17,19,36,37,8,
1988-04-16,38,Rollover,8,13,14,29,38,39,5,
1988-04-09,37,Rollover,2,6,8,21,23,39,14,
1988-04-02,36,Rollover,5,11,22,27,31,34,7,
1988-05-28,44,Rollover,4,7,9,12,31,33,30,
1988-05-21,43,Rollover,9,14,17,28,36,37,8,
1988-05-14,42,Rollover,8,14,24,29,31,40,32,
1988-05-07,41,Rollover,2,3,11,12,25,34,39,
1988-06-25,48,Rollover,14,21,29,30,37,38,12,
1988-06-18,47,Rollover,20,21,22,23,32,34,29,
1988-06-11,46,Rollover,6,9,10,11,14,34,30,
1988-06-04,45,Rollover,2,8,13,24,30,31,1,
1988-07-30,53,Rollover,18,21,22,25,32,34,17,
1988-07-23,52,Rollover,4,8,24,30,33,35,2,
1988-07-16,51,Rollover,11,19,24,27,35,36,40,
1988-07-09,50,Rollover,13,15,24,28,33,37,32,
1988-07-02,49,Rollover,4,9,13,22,25,29,36,
1988-08-27,57,Rollover,7,13,16,18,22,37,11,
1988-08-20,56,Rollover,5,6,9,12,27,29,33,
1988-08-13,55,Rollover,11,16,20,23,31,38,4,
1988-08-06,54,Rollover,1,16,22,29,39,40,33,
1988-09-24,61,Rollover,1,2,8,12,21,36,38,
1988-09-17,60,Rollover,5,8,23,32,34,36,14,
1988-09-10,59,Rollover,5,9,10,12,36,40,21,
1988-09-03,58,Rollover,3,11,12,23,29,37,39,
1988-10-29,66,Rollover,17,19,22,26,38,40,11,
1988-10-22,65,Rollover,6,9,16,30,32,38,13,
1988-10-15,64,Rollover,1,22,25,27,37,39,29,
1988-10-08,63,Rollover,19,22,27,30,34,39,36,
1988-10-01,62,Rollover,2,3,18,20,23,28,25,
1988-11-26,70,Rollover,7,21,23,29,30,32,25,
1988-11-19,69,Rollover,10,14,17,25,36,38,5,
1988-11-12,68,Rollover,6,9,12,31,38,39,26,
1988-11-05,67,Rollover,9,13,19,27,29,36,22,
1988-12-31,75,Rollover,1,6,9,15,17,28,40,
1988-12-24,74,Rollover,1,12,34,35,37,39,19,
1988-12-17,73,Rollover,5,6,15,16,20,34,36,
1988-12-10,72,Rollover,17,20,21,22,39,40,36,
1988-12-03,71,Rollover,2,3,25,30,35,40,14,
1989-01-28,79,Rollover,10,17,19,21,26,35,25,
1989-01-21,78,Rollover,18,22,25,31,35,37,16,
1989-01-14,77,Rollover,4,13,16,18,20,28,6,
1989-01-07,76,Rollover,5,10,21,26,27,36,22,
1989-02-25,83,Rollover,7,10,17,27,33,37,23,
1989-02-18,82,Rollover,3,4,8,10,23,38,16,
1989-02-11,81,Rollover,1,2,3,29,30,38,23,
1989-02-04,80,Rollover,5,8,21,23,24,28,30,
1989-03-25,87,Rollover,11,25,29,33,37,38,18,
1989-03-18,86,Rollover,4,5,11,18,27,29,9,
1989-03-11,85,Rollover,1,6,22,33,37,40,20,
1989-03-04,84,Rollover,1,6,16,17,31,33,19,
1989-04-29,92,Rollover,2,4,19,26,28,35,37,
1989-04-22,91,Rollover,5,18,25,34,35,38,32,
1989-04-15,90,Rollover,2,6,13,18,24,28,36,
1989-04-08,89,Rollover,10,16,17,27,29,38,13,
1989-04-01,88,Rollover,3,4,16,31,33,36,14,
1989-05-27,96,Rollover,2,11,21,27,32,38,35,
1989-05-20,95,Rollover,3,11,12,14,23,34,35,
1989-05-13,94,Rollover,4,12,19,26,33,35,14,
1989-05-06,93,Rollover,6,7,30,35,36,38,31,
1989-06-24,100,Rollover,9,14,18,24,29,30,7,
1989-06-17,99,Rollover,3,14,15,16,21,31,20,
1989-06-10,98,Rollover,1,9,12,26,30,40,36,
1989-06-03,97,Rollover,14,16,18,23,24,29,6,
1989-07-29,105,Rollover,11,15,25,27,31,39,38,
1989-07-22,104,Rollover,7,14,17,26,34,40,8,
1989-07-15,103,Rollover,2,6,9,24,30,33,8,
1989-07-08,102,Rollover,4,6,18,19,37,39,36,
1989-08-26,109,Rollover,2,5,16,21,32,37,39,
1989-08-19,108,Rollover,10,18,19,30,34,35,6,
1989-08-12,107,Rollover,6,12,15,25,27,35,28,
1989-08-05,106,Rollover,4,10,14,22,27,29,7,
1989-09-30,114,Rollover,2,7,16,21,27,40,22,
1989-09-23,113,Rollover,2,6,18,33,35,36,1,
1989-09-16,112,Rollover,14,21,22,35,36,39,29,
1989-09-09,111,Rollover,16,18,19,24,25,29,26,
1989-09-02,110,Rollover,1,23,31,35,36,39,18,
1989-10-28,118,Rollover,1,9,27,30,33,37,17,
1989-10-21,117,Rollover,1,5,9,19,31,39,17,
1989-10-14,116,Rollover,8,11,12,14,29,34,16,
1989-10-07,115,Rollover,7,13,14,18,27,30,40,
1989-11-25,122,Rollover,1,11,13,20,26,40,9,
1989-11-18,121,Rollover,6,8,13,26,27,29,2,
1989-11-11,120,Rollover,6,13,19,26,34,39,4,
1989-11-04,119,Rollover,12,17,23,28,33,34,8,
1989-12-30,127,Rollover,3,7,10,26,27,39,31,
1989-12-23,126,Rollover,3,14,25,28,32,38,10,
1989-12-16,125,Rollover,15,17,18,19,26,32,24,
1989-12-09,124,Rollover,1,11,14,15,33,40,39,
1989-12-02,123,Rollover,5,20,23,26,33,36,40,
1990-01-27,131,Rollover,2,3,18,32,39,40,21,
1990-01-20,130,Rollover,3,8,11,12,19,22,2,
1990-01-13,129,Rollover,5,17,25,26,30,35,33,
1990-01-06,128,Rollover,1,3,6,13,19,27,2,
1990-02-24,135,Rollover,6,8,13,19,23,38,33,
1990-02-17,134,Rollover,2,11,21,26,33,35,22,
1990-02-10,133,Rollover,1,5,8,12,16,26,20,
1990-02-03,132,Rollover,13,21,25,31,37,39,27,
1990-03-31,140,Rollover,8,12,27,30,37,40,38,
1990-03-24,139,Rollover,13,16,21,22,30,35,27,
1990-03-17,138,Rollover,1,18,29,40,25,7,30,
1990-03-10,137,Rollover,2,4,8,13,16,31,32,
1990-03-03,136,Rollover,12,14,32,33,35,36,28,
1990-04-28,144,Rollover,1,8,10,14,36,37,22,
1990-04-21,143,Rollover,2,3,16,18,34,37,6,
1990-04-14,142,Rollover,4,7,18,24,29,35,12,
1990-04-07,141,Rollover,4,6,18,19,28,32,24,
1990-05-26,148,Rollover,8,12,28,31,33,35,7,
1990-05-19,147,Rollover,3,11,25,26,35,38,17,
1990-05-12,146,Rollover,4,6,16,21,33,40,32,
1990-05-05,145,Rollover,7,12,17,22,26,28,13,
1990-06-30,153,Rollover,2,28,29,31,38,40,22,
1990-06-23,152,Rollover,2,7,10,14,24,33,12,
1990-06-16,151,Rollover,6,7,22,24,29,35,21,
1990-06-09,150,Rollover,12,15,18,20,22,27,21,
1990-06-02,149,Rollover,4,5,10,17,23,31,12,
1990-07-28,157,Rollover,17,25,26,28,36,39,7,
1990-07-21,156,Rollover,4,8,10,18,21,22,28,
1990-07-14,155,Rollover,4,7,9,18,29,37,40,
1990-07-07,154,Rollover,10,20,33,36,38,40,16,
1990-08-25,161,Rollover,4,5,12,14,25,35,1,
1990-08-18,160,Rollover,13,18,20,25,27,35,34,
1990-08-11,159,Rollover,8,21,24,29,34,37,27,
1990-08-04,158,Rollover,11,19,22,27,29,35,37,
1990-09-29,166,Rollover,1,14,17,18,24,37,29,
1990-09-22,165,Rollover,2,3,10,18,32,40,12,
1990-09-15,164,Rollover,1,10,15,30,38,40,16,
1990-09-08,163,Rollover,8,9,17,24,25,38,31,
1990-09-01,162,Rollover,10,22,26,35,36,40,14,
1990-10-27,170,Rollover,21,28,30,33,35,37,11,
1990-10-20,169,Rollover,1,5,18,20,24,33,25,
1990-10-13,168,Rollover,2,4,9,14,28,32,21,
1990-10-06,167,Rollover,2,4,10,17,24,32,37,
1990-11-24,174,Rollover,2,14,17,18,25,36,20,
1990-11-17,173,Rollover,2,7,11,14,22,40,24,
1990-11-10,172,Rollover,16,22,24,29,32,37,27,
1990-11-03,171,Rollover,1,3,6,11,24,32,8,
1990-12-29,179,Rollover,6,11,15,18,26,35,24,
1990-12-22,178,Rollover,3,4,15,18,20,26,28,
1990-12-15,177,Rollover,6,9,15,16,18,21,35,
1990-12-08,176,Rollover,1,7,8,14,25,37,9,
1990-12-01,175,Rollover,12,19,27,33,35,39,23,
1991-01-26,183,Rollover,15,23,30,37,39,40,36,
1991-01-19,182,Rollover,3,14,15,19,24,30,2,
1991-01-12,181,Rollover,12,13,16,22,24,28,1,
1991-01-05,180,Rollover,4,9,11,13,24,31,26,
1991-02-23,187,Rollover,6,9,25,31,38,40,3,
1991-02-16,186,Rollover,1,8,20,22,30,38,40,
1991-02-09,185,Rollover,18,20,22,28,33,34,7,
1991-02-02,184,Rollover,8,11,15,16,21,26,33,
1991-03-30,192,Rollover,13,20,23,26,31,36,22,
1991-03-23,191,Rollover,2,5,11,16,34,40,18,
1991-03-16,190,Rollover,13,22,27,29,32,37,2,
1991-03-09,189,Rollover,16,18,19,22,23,26,27,
1991-03-02,188,Rollover,1,5,7,28,37,39,15,
1991-04-27,196,Rollover,4,6,16,24,32,39,40,
1991-04-20,195,Rollover,7,14,15,27,30,36,39,
1991-04-13,194,Rollover,1,7,14,29,30,39,17,
1991-04-06,193,Rollover,1,9,10,22,26,32,40,
1991-05-25,200,Rollover,1,13,24,26,29,34,6,
1991-05-18,199,Rollover,1,18,26,32,37,38,40,
1991-05-11,198,Rollover,1,6,16,24,38,39,5,
1991-05-04,197,Rollover,8,12,17,22,30,36,3,
1991-06-29,205,Rollover,5,22,28,34,38,39,13,
1991-06-22,204,Rollover,11,15,19,24,29,34,18,
1991-06-15,203,Rollover,3,10,24,25,26,30,12,
1991-06-08,202,Rollover,3,8,15,29,34,38,26,
1991-06-01,201,Rollover,5,11,16,28,29,30,37,
1991-07-27,209,Rollover,1,18,23,31,32,33,36,
1991-07-20,208,Rollover,5,9,15,18,32,34,29,
1991-07-13,207,Rollover,1,2,3,6,14,30,7,
1991-07-06,206,Rollover,21,23,25,33,35,38,10,
1991-08-31,214,Rollover,7,16,25,29,34,36,3,
1991-08-24,213,Rollover,5,7,17,20,28,39,38,
1991-08-17,212,Rollover,1,8,12,29,30,31,14,
1991-08-10,211,Rollover,2,6,12,16,27,29,32,
1991-08-03,210,Rollover,12,17,22,30,33,37,7,
1991-09-28,218,Rollover,7,11,12,14,26,36,24,
1991-09-21,217,Rollover,12,17,21,23,27,40,34,
1991-09-14,216,Rollover,2,4,25,26,36,39,24,
1991-09-07,215,Rollover,7,10,12,27,34,37,31,
1991-10-26,222,Rollover,7,11,21,22,36,37,17,
1991-10-19,221,Rollover,3,8,11,12,13,27,20,
1991-10-12,220,Rollover,3,11,16,22,30,34,37,
1991-10-05,219,Rollover,1,6,12,15,35,36,4,
1991-11-30,227,Rollover,6,7,8,19,20,26,15,
1991-11-23,226,Rollover,5,10,15,32,36,40,27,
1991-11-16,225,Rollover,13,16,18,21,22,27,30,
1991-11-09,224,Rollover,5,13,15,28,34,39,25,
1991-11-02,223,Rollover,4,7,17,22,32,40,20,
1991-12-28,231,Rollover,1,5,10,13,21,25,26,
1991-12-21,230,Rollover,1,5,10,16,38,40,6,
1991-12-14,229,Rollover,3,10,16,24,29,37,32,
1991-12-07,228,Rollover,17,20,27,30,33,39,1,
1992-01-25,235,Rollover,12,17,24,25,28,38,9,
1992-01-18,234,Rollover,6,14,17,27,37,38,23,
1992-01-11,233,Rollover,8,12,15,19,23,37,34,
1992-01-04,232,Rollover,1,13,20,25,31,36,3,
1992-02-29,240,Rollover,7,8,17,28,36,39,12,
1992-02-22,239,Rollover,2,3,22,27,38,40,13,
1992-02-15,238,Rollover,1,9,20,37,39,40,12,
1992-02-08,237,Rollover,5,13,14,20,22,36,38,
1992-02-01,236,Rollover,5,15,20,26,28,35,11,
1992-03-28,244,Rollover,7,11,14,19,20,32,36,
1992-03-21,243,Rollover,1,6,8,25,27,33,37,
1992-03-14,242,Rollover,6,32,34,36,38,40,19,
1992-03-07,241,Rollover,1,5,20,27,33,35,31,
1992-04-25,248,Rollover,3,4,15,20,28,37,7,
1992-04-18,247,Rollover,12,17,25,27,35,38,9,
1992-04-11,246,Rollover,9,10,13,22,26,39,17,
1992-04-04,245,Rollover,3,8,17,25,26,38,9,
1992-05-30,253,Rollover,4,6,7,21,32,36,2,
1992-05-23,252,Rollover,2,3,9,22,24,25,30,
1992-05-16,251,Rollover,8,15,16,21,35,37,2,
1992-05-09,250,Rollover,1,10,18,20,35,40,14,
1992-05-02,249,Rollover,5,8,24,35,38,40,11,
1992-06-27,257,Rollover,4,5,15,17,26,34,6,
1992-06-20,256,Rollover,12,16,20,28,34,38,29,
1992-06-13,255,Rollover,4,5,13,18,25,28,2,
1992-06-06,254,Rollover,7,8,11,21,34,37,18,
1992-07-25,261,Rollover,6,12,13,16,28,36,22,
1992-07-18,260,Rollover,2,8,13,15,38,40,16,
1992-07-11,259,Rollover,15,23,29,30,39,40,8,
1992-07-04,258,Rollover,4,8,9,13,16,32,27,
1992-08-29,266,Rollover,3,14,19,23,29,35,4,
1992-08-22,265,Rollover,10,14,17,24,31,32,37,
1992-08-15,264,Rollover,4,5,14,17,24,29,35,
1992-08-08,263,Rollover,2,5,8,30,31,32,26,
1992-08-01,262,Rollover,5,7,18,19,28,39,9,
1992-09-26,270,Rollover,1,9,10,30,38,40,39,
1992-09-19,269,Rollover,3,12,21,26,37,39,29,
1992-09-12,268,Rollover,16,21,24,27,30,37,22,
1992-09-05,267,Rollover,10,16,22,24,26,32,28,
1992-10-31,275,Rollover,3,7,13,22,24,38,14,
1992-10-24,274,Rollover,1,5,6,10,17,24,9,
1992-10-17,273,Rollover,6,13,18,23,28,34,14,
1992-10-10,272,Rollover,11,12,17,21,33,39,10,
1992-10-03,271,Rollover,5,7,22,25,31,38,2,
1992-11-28,279,Rollover,6,11,14,15,27,36,20,
1992-11-21,278,Rollover,7,19,33,34,37,38,13,
1992-11-14,277,Rollover,1,3,5,22,25,37,36,
1992-11-07,276,Rollover,1,2,18,22,25,33,11,
1992-12-26,283,Rollover,10,16,19,24,29,33,30,
1992-12-19,282,Rollover,3,17,29,34,35,38,40,
1992-12-12,281,Rollover,3,5,6,16,25,38,31,
1992-12-05,280,Rollover,4,14,16,23,35,38,13,
1993-01-30,288,Rollover,6,8,12,13,35,39,21,
1993-01-23,287,Rollover,1,12,15,21,22,29,24,
1993-01-16,286,Rollover,2,3,7,8,14,26,31,
1993-01-09,285,Rollover,5,12,19,28,29,31,38,
1993-01-02,284,Rollover,2,14,21,22,24,38,10,
1993-02-27,292,Rollover,17,20,25,30,32,38,39,
1993-02-20,291,Rollover,4,9,12,28,30,36,35,
1993-02-13,290,Rollover,3,4,6,10,19,38,16,
1993-02-06,289,Rollover,1,7,19,23,28,38,10,
1993-03-27,296,Rollover,6,7,15,26,28,33,30,
1993-03-20,295,Rollover,3,24,26,28,32,39,35,
1993-03-13,294,Rollover,5,9,19,25,27,31,22,
1993-03-06,293,Rollover,3,5,15,17,31,40,9,
1993-04-24,300,Rollover,12,18,26,27,28,37,24,
1993-04-17,299,Rollover,6,8,9,21,28,34,15,
1993-04-10,298,Rollover,12,24,27,28,33,36,4,
1993-04-03,297,Rollover,1,4,7,8,31,36,18,
1993-05-29,305,Rollover,7,11,13,14,22,36,18,
1993-05-22,304,Rollover,2,10,13,14,30,31,12,
1993-05-15,303,Rollover,7,8,19,36,39,40,4,
1993-05-08,302,Rollover,4,11,18,35,37,39,36,
1993-05-01,301,Rollover,5,8,21,23,25,31,9,
1993-06-26,309,Rollover,4,5,20,26,27,31,34,
1993-06-19,308,Rollover,2,15,21,28,32,36,24,
1993-06-12,307,Rollover,7,12,14,16,22,34,5,
1993-06-05,306,Rollover,6,31,34,35,36,37,33,
1993-07-31,314,Rollover,10,15,24,33,37,40,5,
1993-07-24,313,Rollover,12,13,14,16,17,23,38,
1993-07-17,312,Rollover,9,18,20,25,36,39,22,
1993-07-10,311,Rollover,2,13,16,21,37,39,32,
1993-07-03,310,Rollover,6,13,15,18,27,29,8,
1993-08-28,318,Rollover,1,9,11,23,26,34,18,
1993-08-21,317,Rollover,1,7,10,15,20,35,29,
1993-08-14,316,Rollover,3,4,5,19,20,23,7,
1993-08-07,315,Rollover,1,12,19,24,26,32,10,
1993-09-25,322,Rollover,12,16,18,21,29,40,19,
1993-09-18,321,Rollover,1,4,12,21,30,32,14,
1993-09-11,320,Rollover,31,32,33,35,36,38,11,
1993-09-04,319,Rollover,9,11,22,34,35,40,20,
1993-10-30,327,Rollover,3,21,23,24,27,28,29,
1993-10-23,326,Rollover,3,7,21,31,33,35,12,
1993-10-16,325,Rollover,2,7,20,26,28,30,23,
1993-10-09,324,Rollover,4,7,13,31,33,34,14,
1993-10-02,323,Rollover,3,8,15,19,25,30,11,
1993-11-27,331,Rollover,5,8,15,22,30,34,31,
1993-11-20,330,Rollover,7,12,13,14,21,24,9,
1993-11-13,329,Rollover,3,4,18,20,26,31,13,
1993-11-06,328,Rollover,2,6,16,20,26,33,15,
1993-12-25,335,Rollover,6,14,33,34,36,38,19,
1993-12-18,334,Rollover,1,7,10,20,34,40,16,
1993-12-11,333,Rollover,8,14,20,29,36,39,35,
1993-12-04,332,Rollover,4,10,20,21,32,34,6,
1994-01-29,340,Rollover,7,11,13,17,26,28,30,
1994-01-22,339,Rollover,5,15,22,33,37,40,25,
1994-01-15,338,Rollover,2,4,8,14,33,38,36,
1994-01-08,337,Rollover,6,13,15,20,30,38,16,
1994-01-01,336,Rollover,1,21,32,34,38,40,16,
1994-02-26,344,Rollover,7,9,10,28,34,40,15,
1994-02-19,343,Rollover,1,4,24,30,35,36,8,
1994-02-12,342,Rollover,1,7,10,12,23,39,5,
1994-02-05,341,Rollover,6,11,14,17,19,40,30,
1994-03-26,348,Rollover,1,7,8,20,34,40,35,
1994-03-19,347,Rollover,6,10,19,25,30,38,31,
1994-03-12,346,Rollover,11,13,17,18,32,36,37,
1994-03-05,345,Rollover,1,4,5,21,27,37,26,
1994-04-30,353,Rollover,7,28,29,30,32,37,31,
1994-04-23,352,Rollover,3,7,9,17,32,33,28,
1994-04-16,351,Rollover,2,7,22,25,33,34,32,
1994-04-09,350,Rollover,6,13,22,25,28,33,27,
1994-04-02,349,Rollover,4,8,32,34,37,38,2,
1994-05-28,357,Rollover,17,21,33,35,37,39,32,
1994-05-21,356,Rollover,1,8,14,33,37,38,11,
1994-05-14,355,Rollover,8,19,20,24,35,39,1,
1994-05-07,354,Rollover,5,6,18,22,30,34,3,
1994-06-25,361,Rollover,1,9,10,23,24,30,6,
1994-06-18,360,Rollover,2,24,29,31,35,37,22,
1994-06-11,359,Rollover,4,9,22,32,35,38,25,
1994-06-04,358,Rollover,6,19,25,29,31,33,22,
1994-07-30,366,Rollover,17,18,23,30,39,40,15,
1994-07-23,365,Rollover,7,21,25,26,36,39,34,
1994-07-16,364,Rollover,1,7,20,28,30,38,2,
1994-07-09,363,Rollover,9,15,18,19,31,39,40,
1994-07-02,362,Rollover,10,11,14,23,24,31,29,
1994-08-27,370,Rollover,11,14,18,22,26,38,25,
1994-08-20,369,Rollover,4,10,12,23,25,35,40,
1994-08-13,368,Rollover,5,7,12,28,33,34,22,
1994-08-06,367,Rollover,9,10,12,14,22,23,27,
1994-09-24,374,Rollover,9,20,22,25,30,39,31,
1994-09-17,373,Rollover,7,9,30,31,38,40,34,
1994-09-10,372,Rollover,6,7,9,22,25,36,10,
1994-09-03,371,Rollover,3,10,14,21,24,32,5,
1994-10-29,379,Rollover,23,25,26,27,34,35,22,
1994-10-22,378,Rollover,14,17,28,32,35,39,29,
1994-10-15,377,Rollover,1,14,16,25,37,39,20,
1994-10-08,376,Rollover,2,14,18,24,26,38,3,
1994-10-01,375,Rollover,2,6,7,16,21,40,9,
1994-11-26,383,Rollover,5,12,16,19,24,27,26,
1994-11-19,382,Rollover,5,21,28,34,35,36,23,
1994-11-12,381,Rollover,8,10,12,21,22,26,11,
1994-11-05,380,Rollover,10,11,24,27,32,40,8,
1994-12-31,388,Rollover,16,19,24,27,31,39,8,
1994-12-24,387,Rollover,16,17,23,30,32,38,29,
1994-12-17,386,Rollover,1,8,12,22,30,39,24,
1994-12-10,385,Rollover,9,17,21,27,35,36,5,
1994-12-03,384,Rollover,7,8,10,16,17,40,31,
1995-01-28,392,Rollover,5,8,15,23,33,37,16,
1995-01-21,391,Rollover,1,21,22,24,33,40,25,
1995-01-14,390,Rollover,19,21,22,34,36,39,38,
1995-01-07,389,Rollover,1,7,15,21,31,37,40,
1995-02-25,396,Rollover,7,11,26,29,31,37,9,
1995-02-18,395,Rollover,3,4,20,25,26,37,10,
1995-02-11,394,Rollover,8,15,19,24,31,40,17,
1995-02-04,393,Rollover,1,21,22,28,31,40,35,
1995-03-25,400,Rollover,4,14,22,32,36,39,27,
1995-03-18,399,Rollover,17,20,22,31,36,38,10,
1995-03-11,398,Rollover,2,4,12,17,22,25,15,
1995-03-04,397,Rollover,7,8,9,13,21,32,39,
1995-04-29,405,Rollover,2,3,12,15,18,26,8,
1995-04-22,404,Rollover,2,3,21,23,29,33,34,
1995-04-15,403,Rollover,4,5,13,15,16,21,34,
1995-04-08,402,Rollover,5,6,11,17,31,34,21,
1995-04-01,401,Rollover,2,3,15,16,22,39,8,
1995-05-27,409,Rollover,7,9,11,17,18,28,5,
1995-05-20,408,Rollover,2,3,13,22,25,35,11,
1995-05-13,407,Rollover,4,18,27,28,30,39,24,
1995-05-06,406,Rollover,4,24,26,30,33,37,2,
1995-06-24,413,Rollover,1,3,5,26,27,35,7,
1995-06-17,412,Rollover,5,17,18,19,31,36,30,
1995-06-10,411,Rollover,2,6,10,21,31,35,5,
1995-06-03,410,Rollover,8,21,23,28,30,32,35,
1995-07-29,418,Rollover,9,19,22,28,32,34,6,
1995-07-22,417,Rollover,5,14,18,20,30,31,27,
1995-07-15,416,Rollover,5,6,7,8,15,22,14,
1995-07-08,415,Rollover,7,10,17,22,34,38,32,
1995-07-01,414,Rollover,4,14,20,24,27,31,18,
1995-08-26,422,Rollover,1,3,12,16,26,40,19,
1995-08-19,421,Rollover,2,7,10,30,33,39,6,
1995-08-12,420,Rollover,3,20,25,36,37,38,21,
1995-08-05,419,Rollover,6,8,16,20,23,25,17,
1995-09-30,427,Rollover,2,5,14,29,39,40,24,
1995-09-23,426,Rollover,9,12,19,21,37,40,36,
1995-09-16,425,Rollover,4,13,21,24,28,38,25,
1995-09-09,424,Rollover,4,9,16,24,28,33,36,
1995-09-02,423,Rollover,4,13,14,16,19,22,5,
1995-10-28,431,Rollover,4,7,12,14,35,38,23,
1995-10-21,430,Rollover,3,12,13,19,24,28,39,
1995-10-14,429,Rollover,1,4,11,15,19,24,5,
1995-10-07,428,Rollover,1,4,21,22,28,30,27,
1995-11-25,435,Rollover,11,19,20,24,33,35,16,
1995-11-18,434,Rollover,5,15,19,27,29,33,21,
1995-11-11,433,Rollover,1,7,15,20,37,38,18,
1995-11-04,432,Rollover,5,26,29,35,38,39,17,
1995-12-30,440,Rollover,1,8,9,19,22,30,23,
1995-12-23,439,Rollover,8,12,23,25,29,30,39,
1995-12-16,438,Rollover,9,15,23,28,33,34,29,
1995-12-09,437,Rollover,1,5,7,18,20,40,8,
1995-12-02,436,Rollover,15,20,25,29,33,38,17,
1996-01-27,444,Rollover,6,8,13,15,38,39,19,
1996-01-20,443,Rollover,8,20,22,25,32,34,18,
1996-01-13,442,Rollover,1,11,22,31,33,34,3,
1996-01-06,441,Rollover,2,14,16,22,23,34,28,
1996-02-24,448,Rollover,1,5,22,25,28,30,2,
1996-02-17,447,Rollover,7,10,15,23,24,27,37,
1996-02-10,446,Rollover,5,10,19,20,27,30,33,
1996-02-03,445,Rollover,5,12,13,32,33,38,2,
1996-03-30,453,Rollover,5,14,20,36,39,40,29,
1996-03-23,452,Rollover,12,22,25,28,34,40,11,
1996-03-16,451,Rollover,6,13,18,20,22,24,40,
1996-03-09,450,Rollover,3,11,16,28,30,40,2,
1996-03-02,449,Rollover,7,21,26,29,36,37,12,
1996-04-27,457,Rollover,6,12,15,19,25,29,31,
1996-04-20,456,Rollover,7,11,15,17,31,33,2,
1996-04-13,455,Rollover,5,11,23,29,35,39,19,
1996-04-06,454,Rollover,5,11,15,18,24,29,40,
1996-05-25,461,Rollover,3,4,6,12,26,32,1,
1996-05-18,460,Rollover,2,15,17,21,24,38,23,
1996-05-11,459,Rollover,4,13,14,25,26,37,35,
1996-05-04,458,Rollover,8,9,13,20,23,36,38,
1996-06-29,466,Rollover,15,16,18,23,25,40,11,
1996-06-22,465,Rollover,4,6,11,12,19,20,13,
1996-06-15,464,Rollover,11,20,24,25,29,40,1,
1996-06-08,463,Rollover,3,5,9,14,19,22,39,
1996-06-01,462,Rollover,2,3,18,21,26,36,38,
1996-07-27,470,Rollover,9,13,14,16,18,30,19,
1996-07-20,469,Rollover,5,9,15,22,34,36,39,
1996-07-13,468,Rollover,1,11,12,14,15,34,17,
1996-07-06,467,Rollover,1,9,24,26,33,36,17,
1996-08-31,475,Rollover,6,11,13,27,28,29,35,
1996-08-24,474,Rollover,3,7,8,21,29,39,40,
1996-08-17,473,Rollover,5,9,10,15,21,30,6,
1996-08-10,472,Rollover,2,5,11,13,19,28,26,
1996-08-03,471,Rollover,8,14,18,20,28,31,12,
1996-09-28,479,Rollover,9,10,12,15,21,26,17,
1996-09-21,478,Rollover,9,13,29,30,33,34,35,
1996-09-14,477,Rollover,2,3,11,12,26,39,4,
1996-09-07,476,Rollover,12,21,25,27,34,37,40,
1996-10-26,483,Rollover,12,14,25,27,31,33,19,
1996-10-19,482,Rollover,11,12,17,25,28,37,19,
1996-10-12,481,Rollover,7,14,16,24,28,40,29,
1996-10-05,480,Rollover,8,18,20,22,29,33,25,
1996-11-30,488,Rollover,2,10,12,16,19,23,7,
1996-11-23,487,Rollover,4,5,7,12,15,39,13,
1996-11-16,486,Rollover,6,13,22,38,39,40,24,
1996-11-09,485,Rollover,1,9,10,23,29,34,32,
1996-11-02,484,Rollover,1,3,20,21,27,31,6,
1996-12-28,492,Rollover,1,2,8,10,17,33,27,
1996-12-21,491,Rollover,8,13,15,23,24,32,6,
1996-12-14,490,Rollover,10,12,19,22,34,35,26,
1996-12-07,489,Rollover,1,6,20,26,27,30,14,
1997-01-25,496,Rollover,1,11,22,26,33,39,40,
1997-01-18,495,Rollover,1,7,20,22,24,30,14,
1997-01-11,494,Rollover,1,8,12,30,33,38,29,
1997-01-04,493,Rollover,4,11,14,26,32,38,16,
1997-02-22,500,Rollover,3,8,17,18,38,40,21,
1997-02-15,499,Rollover,2,11,14,16,19,40,33,
1997-02-08,498,Rollover,2,7,9,10,16,25,23,
1997-02-01,497,Rollover,8,12,15,19,26,30,36,
1997-03-29,505,Rollover,7,10,29,32,33,39,23,
1997-03-22,504,Rollover,1,2,5,9,26,31,37,
1997-03-15,503,Rollover,14,18,21,30,34,36,5,
1997-03-08,502,Rollover,15,18,21,24,30,32,11,
1997-03-01,501,Rollover,4,10,23,25,26,35,37,
1997-04-26,509,Rollover,15,16,32,36,38,39,5,
1997-04-19,508,Rollover,2,7,10,15,21,35,19,
1997-04-12,507,Rollover,11,14,19,33,34,35,25,
1997-04-05,506,Rollover,3,10,27,28,31,33,1,
1997-05-31,514,Rollover,1,6,13,22,23,35,2,
1997-05-24,513,Rollover,9,16,20,21,30,31,13,
1997-05-17,512,Rollover,4,5,13,33,34,39,24,
1997-05-10,511,Rollover,1,3,4,25,35,40,10,
1997-05-03,510,Rollover,9,24,28,30,36,39,40,
1997-06-28,518,Rollover,9,14,21,30,34,40,32,
1997-06-21,517,Rollover,2,3,7,9,13,15,22,
1997-06-14,516,Rollover,13,19,22,34,35,37,7,
1997-06-07,515,Rollover,9,19,20,27,32,35,7,
1997-07-26,522,Rollover,2,5,9,15,22,34,21,
1997-07-19,521,Rollover,4,5,9,12,20,37,33,
1997-07-12,520,Rollover,7,24,26,27,30,32,16,
1997-07-05,519,Rollover,3,6,14,17,31,33,10,
1997-08-30,527,Rollover,6,19,22,29,32,33,17,
1997-08-23,526,Rollover,2,6,18,22,31,39,20,
1997-08-16,525,Rollover,1,6,10,19,31,38,27,
1997-08-09,524,Rollover,3,8,13,18,25,39,12,
1997-08-02,523,Rollover,6,10,19,20,37,39,13,
1997-09-27,531,Rollover,12,17,20,29,34,38,31,
1997-09-20,530,Rollover,2,7,16,18,21,34,9,
1997-09-13,529,Rollover,1,13,15,23,30,40,26,
1997-09-06,528,Rollover,18,20,23,31,35,40,26,
1997-10-25,535,Rollover,6,17,22,23,26,38,36,
1997-10-18,534,Rollover,4,5,8,21,31,38,11,
1997-10-11,533,Rollover,9,15,17,25,27,36,7,
1997-10-04,532,Rollover,12,17,20,31,32,33,10,
1997-11-29,540,Rollover,12,16,20,22,33,38,25,
1997-11-22,539,Rollover,3,7,16,19,20,34,5,
1997-11-15,538,Rollover,9,14,18,20,25,36,7,
1997-11-08,537,Rollover,8,25,28,31,33,39,16,
1997-11-01,536,Rollover,1,12,15,25,32,34,22,
1997-12-31,545,Rollover,7,10,12,27,31,32,17,
1997-12-27,544,Rollover,4,7,19,24,26,40,23,
1997-12-20,543,Rollover,3,15,17,20,26,31,7,
1997-12-13,542,Rollover,14,22,24,29,32,37,23,
1997-12-06,541,Rollover,2,6,11,13,17,30,18,
1998-01-31,550,Rollover,1,6,22,24,26,31,34,
1998-01-24,549,Rollover,3,8,14,15,18,24,26,
1998-01-17,548,Rollover,10,12,16,18,22,40,5,
1998-01-10,547,Rollover,7,9,21,26,33,37,40,
1998-01-03,546,Rollover,8,24,25,31,32,37,30,
1998-02-28,554,Rollover,4,8,9,11,30,34,36,
1998-02-21,553,Rollover,1,9,11,26,35,39,38,
1998-02-14,552,Rollover,3,6,10,17,25,36,26,
1998-02-07,551,Rollover,2,3,6,9,17,20,21,
1998-03-28,558,Rollover,8,13,17,33,34,37,27,
1998-03-21,557,Rollover,11,13,14,18,32,39,37,
1998-03-14,556,Rollover,8,14,25,29,33,34,9,
1998-03-07,555,Rollover,3,4,9,17,23,38,5,
1998-04-25,562,Rollover,11,22,27,31,34,36,8,
1998-04-18,561,Rollover,1,2,3,11,25,33,36,
1998-04-11,560,Rollover,2,3,9,15,24,27,21,
1998-04-04,559,Rollover,4,7,8,18,35,39,34,
1998-05-30,567,Rollover,4,7,19,20,28,34,15,
1998-05-23,566,Rollover,1,2,14,18,19,26,30,
1998-05-16,565,Rollover,1,11,13,17,31,38,37,
1998-05-09,564,Rollover,1,8,10,18,19,26,7,
1998-05-02,563,Rollover,6,11,16,18,24,29,31,
1998-06-27,571,Rollover,5,6,28,29,33,35,20,
1998-06-20,570,Rollover,4,12,15,29,34,35,9,
1998-06-13,569,Rollover,6,11,16,21,32,37,12,
1998-06-06,568,Rollover,5,10,11,12,22,29,35,
1998-07-25,575,Rollover,14,16,19,25,31,40,5,
1998-07-18,574,Rollover,1,4,13,18,31,34,29,
1998-07-11,573,Rollover,1,2,10,14,27,29,19,
1998-07-04,572,Rollover,11,12,15,18,19,39,32,
1998-08-29,580,Rollover,5,8,12,19,36,38,3,
1998-08-22,579,Rollover,12,21,33,34,36,39,9,
1998-08-15,578,Rollover,4,10,12,13,30,32,22,
1998-08-08,577,Rollover,6,7,8,12,20,37,40,
1998-08-01,576,Rollover,2,7,8,9,10,12,19,
1998-09-26,584,Rollover,10,14,21,29,34,39,7,
1998-09-19,583,Rollover,7,8,23,24,30,34,1,
1998-09-12,582,Rollover,5,9,13,15,19,40,38,
1998-09-05,581,Rollover,1,13,16,35,36,39,19,
1998-10-31,589,Rollover,2,7,20,27,32,34,18,
1998-10-24,588,Rollover,6,8,9,16,22,28,5,
1998-10-17,587,Rollover,2,12,14,24,36,40,38,
1998-10-10,586,Rollover,1,2,3,5,18,40,16,
1998-10-03,585,Rollover,8,10,12,16,19,40,29,
1998-11-28,593,Rollover,13,32,33,34,36,38,4,
1998-11-21,592,Rollover,2,16,18,25,28,34,9,
1998-11-14,591,Rollover,1,5,7,11,31,33,2,
1998-11-07,590,Rollover,6,8,10,27,31,37,39,
1998-12-31,598,Rollover,5,7,15,24,26,30,37,
1998-12-26,597,Rollover,7,9,18,20,23,33,39,
1998-12-19,596,Rollover,3,4,13,18,21,37,28,
1998-12-12,595,Rollover,5,12,18,26,33,39,2,
1998-12-05,594,Rollover,7,9,17,21,26,40,35,
1999-01-30,603,Rollover,3,10,20,21,24,36,18,
1999-01-23,602,Rollover,6,8,25,29,35,36,38,
1999-01-16,601,Rollover,1,9,12,26,28,31,40,
1999-01-09,600,Rollover,5,10,24,25,34,35,19,
1999-01-02,599,Rollover,12,22,26,33,35,38,29,
1999-02-27,607,Rollover,6,15,23,24,27,33,9,
1999-02-20,606,Rollover,4,7,16,22,25,38,39,
1999-02-13,605,Rollover,5,8,13,28,31,33,21,
1999-02-06,604,Rollover,3,21,23,24,26,38,34,
1999-03-27,611,Rollover,2,16,23,26,37,38,39,
1999-03-20,610,Rollover,14,19,26,33,38,39,7,
1999-03-13,609,Rollover,1,2,12,26,27,32,31,
1999-03-06,608,Rollover,6,18,21,22,26,27,10,
1999-04-24,615,Rollover,2,5,7,9,13,28,26,
1999-04-17,614,Rollover,5,10,18,20,28,35,14,
1999-04-10,613,Rollover,13,23,28,32,33,35,4,
1999-04-03,612,Rollover,4,5,18,20,36,38,29,
1999-05-29,620,Rollover,3,5,19,25,31,33,11,
1999-05-22,619,Rollover,3,13,19,23,25,26,4,
1999-05-15,618,Rollover,6,16,19,23,28,40,33,
1999-05-08,617,Rollover,16,20,23,29,33,37,9,
1999-05-01,616,Rollover,13,19,21,27,32,38,26,
1999-06-26,624,Rollover,15,26,34,36,39,40,2,
1999-06-19,623,Rollover,3,7,10,28,31,33,18,
1999-06-12,622,Rollover,7,8,21,26,27,32,35,
1999-06-05,621,Rollover,1,7,17,25,39,40,18,
1999-07-31,629,Rollover,1,2,9,13,22,27,39,
1999-07-24,628,Rollover,11,13,14,16,19,27,39,
1999-07-17,627,Rollover,2,8,10,22,25,37,34,
1999-07-10,626,Rollover,3,29,30,33,38,39,11,
1999-07-03,625,Rollover,1,2,9,12,25,37,3,
1999-08-28,633,Rollover,10,15,24,26,27,39,20,
1999-08-21,632,Rollover,1,3,15,30,37,38,22,
1999-08-14,631,Rollover,11,17,25,28,36,37,8,
1999-08-07,630,Rollover,4,18,21,26,39,40,2,
1999-09-25,637,Rollover,3,10,13,20,22,40,30,
1999-09-18,636,Rollover,4,8,11,15,22,39,1,
1999-09-11,635,Rollover,1,7,14,23,25,37,3,
1999-09-04,634,Rollover,4,13,14,21,34,36,3,
1999-10-30,642,Rollover,4,7,11,12,17,35,32,
1999-10-23,641,Rollover,10,15,23,25,34,39,8,
1999-10-16,640,Rollover,8,17,23,30,32,38,16,
1999-10-09,639,Rollover,3,16,33,35,36,39,17,
1999-10-02,638,Rollover,16,18,20,21,24,32,17,
1999-11-27,646,Rollover,3,8,13,18,23,34,20,
1999-11-20,645,Rollover,2,3,4,6,28,34,18,
1999-11-13,644,Rollover,2,21,22,23,27,31,40,
1999-11-06,643,Rollover,9,19,20,36,37,38,31,
1999-12-31,651,Rollover,20,21,23,27,30,38,5,
1999-12-25,650,Rollover,11,21,29,34,38,39,10,
1999-12-18,649,Rollover,13,19,21,22,24,29,30,
1999-12-11,648,Rollover,12,13,14,15,27,32,16,
1999-12-04,647,Rollover,9,11,13,29,31,37,6,
2000-01-29,656,Rollover,9,13,22,23,28,31,4,
2000-01-22,655,Rollover,4,9,10,22,27,33,13,
2000-01-15,654,Rollover,10,11,12,26,39,40,38,
2000-01-08,653,Rollover,2,7,15,23,28,33,19,
2000-01-05,652,Rollover,8,10,11,17,18,34,37,
2000-02-26,660,Rollover,1,12,27,31,33,35,18,
2000-02-19,659,Rollover,1,2,8,19,22,29,36,
2000-02-12,658,Rollover,4,13,20,21,27,39,28,
2000-02-05,657,Rollover,6,9,21,26,32,36,35,
2000-03-25,664,Rollover,1,5,9,14,24,33,29,
2000-03-18,663,Rollover,4,8,18,20,21,29,26,
2000-03-11,662,Rollover,7,22,28,33,35,40,1,
2000-03-04,661,Rollover,2,13,15,26,30,39,12,
2000-04-29,669,Rollover,13,18,19,25,31,39,14,
2000-04-22,668,Rollover,2,12,13,24,33,38,21,
2000-04-15,667,Rollover,13,17,18,31,32,39,36,
2000-04-08,666,Rollover,5,9,10,15,27,38,32,
2000-04-01,665,Rollover,10,23,25,26,28,36,34,
2000-05-27,673,Rollover,11,12,17,18,27,39,21,
2000-05-20,672,Rollover,12,20,24,27,36,40,22,
2000-05-13,671,Rollover,5,6,19,23,27,38,24,
2000-05-06,670,Rollover,5,9,24,28,34,40,6,
2000-06-24,677,Rollover,4,8,18,24,25,34,33,
2000-06-17,676,Rollover,3,8,14,15,24,25,19,
2000-06-10,675,Rollover,9,10,12,26,27,38,1,
2000-06-03,674,Rollover,1,23,31,33,35,37,19,
2000-07-29,682,Rollover,22,24,25,27,30,35,5,
2000-07-22,681,Rollover,3,5,11,25,35,38,12,
2000-07-15,680,Rollover,7,9,13,20,27,34,6,
2000-07-08,679,Rollover,1,3,14,17,33,40,23,
2000-07-01,678,Rollover,2,19,28,30,31,33,7,
2000-08-26,686,Rollover,2,3,20,28,29,33,32,
2000-08-19,685,Rollover,1,7,16,21,31,37,28,
2000-08-12,684,Rollover,3,13,18,27,36,40,35,
2000-08-05,683,Rollover,1,6,16,17,36,40,33,
2000-09-30,691,Rollover,8,20,24,26,29,36,15,
2000-09-23,690,Rollover,5,6,8,27,37,38,29,
2000-09-16,689,Rollover,1,4,7,18,27,31,15,
2000-09-09,688,Rollover,4,17,23,26,27,37,36,
2000-09-02,687,Rollover,2,3,11,17,22,23,34,
2000-10-28,695,Rollover,6,9,10,24,27,29,18,
2000-10-21,694,Rollover,1,5,13,14,29,32,28,
2000-10-14,693,Rollover,6,13,25,29,35,38,39,
2000-10-07,692,Rollover,4,6,11,21,34,38,15,
2000-11-25,699,Rollover,3,8,15,23,32,36,9,
2000-11-18,698,Rollover,2,3,15,27,29,38,6,
2000-11-11,697,Rollover,3,10,25,26,27,39,12,
2000-11-04,696,Rollover,2,3,5,29,31,37,35,
2000-12-30,704,Rollover,1,12,30,32,36,40,10,
2000-12-23,703,Rollover,10,12,22,27,32,38,31,
2000-12-16,702,Rollover,8,10,20,23,29,39,36,
2000-12-09,701,Rollover,7,12,13,16,17,31,14,
2000-12-02,700,Rollover,13,16,27,35,38,40,4,
2001-01-27,708,Rollover,1,2,5,10,12,13,16,
2001-01-20,707,Rollover,4,6,9,29,37,38,10,
2001-01-13,706,Rollover,9,11,21,27,33,39,24,
2001-01-06,705,Rollover,1,6,7,8,20,36,35,
2001-02-24,712,Rollover,8,23,25,30,33,39,16,6
2001-02-18,711,Rollover,6,11,12,13,14,37,29,3
2001-02-10,710,Rollover,2,9,15,19,25,33,1,
2001-02-03,709,Rollover,4,7,14,16,27,39,6,
2001-03-31,717,Rollover,2,4,8,16,27,28,7,3
2001-03-24,716,Rollover,15,21,23,25,32,36,22,1
2001-03-17,715,Rollover,3,4,7,12,13,34,1,1
2001-03-10,714,Rollover,9,12,27,29,31,36,4,1
2001-03-03,713,Rollover,8,16,19,33,36,37,11,5
2001-04-28,721,Rollover,2,3,8,13,19,20,26,4
2001-04-21,720,Rollover,10,11,14,23,29,34,36,7
2001-04-14,719,Rollover,6,12,35,38,39,40,20,1
2001-04-07,718,Rollover,13,18,23,29,35,39,40,2
2001-05-26,725,Rollover,1,6,18,27,28,34,14,8
2001-05-19,724,Rollover,9,11,20,23,27,35,3,7
2001-05-12,723,Rollover,3,12,18,21,33,35,16,2
2001-05-05,722,Rollover,3,8,15,20,24,27,1,5
2001-06-30,730,Rollover,1,4,10,11,18,24,34,3
2001-06-23,729,Rollover,9,12,19,21,23,27,30,3
2001-06-16,728,Rollover,4,5,6,8,30,38,37,7
2001-06-09,727,Rollover,7,11,21,26,27,40,23,4
2001-06-02,726,Rollover,2,3,15,22,31,36,14,2
2001-07-28,734,Rollover,14,15,17,24,29,32,40,7
2001-07-21,733,Rollover,3,5,12,16,27,34,4,6
2001-07-14,732,Rollover,2,13,15,17,36,40,24,6
2001-07-07,731,Rollover,7,9,26,27,32,40,16,3
2001-08-25,738,Rollover,3,6,8,29,30,31,10,8
2001-08-18,737,Rollover,2,3,9,19,26,39,12,3
2001-08-11,736,Rollover,7,14,15,16,17,30,37,2
2001-08-04,735,Rollover,1,6,11,23,26,28,32,8
2001-09-29,743,Rollover,4,7,17,24,30,31,8,7
2001-09-22,742,Rollover,8,27,29,34,36,38,24,3
2001-09-15,741,Rollover,1,10,11,30,37,39,18,1
2001-09-08,740,Rollover,18,19,23,31,35,36,17,5
2001-09-01,739,Rollover,7,11,27,30,37,39,21,4
2001-10-27,747,Rollover,3,16,26,30,34,39,29,7
2001-10-20,746,Rollover,3,9,20,23,34,39,8,7
2001-10-13,745,Rollover,1,9,14,23,24,35,37,4
2001-10-06,744,Rollover,4,15,18,19,24,39,36,2
2001-11-24,751,Rollover,3,5,6,9,20,27,29,2
2001-11-17,750,Rollover,10,12,17,28,35,37,20,6
2001-11-10,749,Rollover,2,7,8,26,30,32,31,2
2001-11-03,748,Rollover,2,3,13,25,31,38,20,6
2001-12-29,756,Rollover,3,6,22,30,36,39,17,4
2001-12-22,755,Rollover,5,8,9,23,29,32,31,4
2001-12-15,754,Rollover,2,7,13,19,20,36,35,4
2001-12-08,753,Rollover,13,28,36,37,38,40,22,2
2001-12-01,752,Rollover,2,7,17,18,19,39,32,4
2002-01-26,760,Rollover,2,4,16,23,29,37,39,4
2002-01-19,759,Rollover,2,10,19,21,31,36,1,3
2002-01-12,758,Rollover,4,8,18,23,24,33,11,8
2002-01-05,757,Rollover,2,13,20,23,31,35,34,7
2002-02-23,764,Rollover,7,11,12,26,34,35,24,1
2002-02-16,763,Rollover,20,25,26,27,29,37,36,1
2002-02-09,762,Rollover,2,5,21,28,39,40,7,8
2002-02-02,761,Rollover,11,13,14,15,35,37,7,3
2002-03-30,769,Rollover,5,10,12,20,23,40,33,1
2002-03-23,768,Rollover,4,7,9,13,15,28,25,1
2002-03-16,767,Rollover,3,14,15,25,28,40,27,3
2002-03-09,766,Rollover,1,5,14,15,21,31,25,1
2002-03-02,765,Rollover,3,16,18,20,29,40,25,6
2002-04-27,773,Rollover,1,39,27,16,15,20,5,5
2002-04-20,772,Rollover,9,11,13,15,23,26,37,5
2002-04-13,771,Rollover,13,17,19,22,36,40,27,6
2002-04-06,770,Rollover,6,9,27,30,32,38,19,8
2002-05-25,777,Rollover,8,10,13,18,27,39,1,8
2002-05-18,776,Rollover,1,15,20,26,29,38,34,2
2002-05-11,775,Rollover,7,10,14,24,29,30,23,2
2002-05-04,774,Rollover,8,20,23,29,32,38,26,7
2002-06-29,782,Rollover,7,13,17,18,27,33,3,8
2002-06-22,781,Rollover,3,7,17,26,29,30,5,3
2002-06-15,780,Rollover,8,15,19,25,33,40,22,4
2002-06-08,779,Rollover,2,16,22,24,26,27,37,1
2002-06-01,778,Rollover,3,9,12,20,23,39,26,6
2002-07-27,786,Rollover,9,19,21,22,23,32,35,8
2002-07-20,785,Rollover,5,6,7,8,18,30,38,4
2002-07-13,784,Rollover,7,10,14,19,23,35,36,1
2002-07-06,783,Rollover,3,4,11,28,31,35,17,1
2002-08-31,791,Rollover,16,29,32,33,38,40,18,7
2002-08-24,790,Rollover,2,8,13,21,25,35,14,3
2002-08-17,789,Rollover,7,11,17,21,22,28,26,3
2002-08-10,788,Rollover,1,2,23,30,32,37,31,8
2002-08-03,787,Rollover,1,2,4,6,25,27,31,5
2002-09-21,794,Rollover,3,10,21,22,26,34,6,4
2002-09-14,793,Rollover,7,13,18,19,25,27,4,7
2002-09-07,792,Rollover,3,13,14,16,36,39,9,5
2002-10-26,799,Rollover,4,12,23,26,38,40,37,1
2002-10-19,798,Rollover,2,6,10,20,24,35,16,6
2002-10-12,797,Rollover,13,24,32,35,36,40,4,5
2002-10-05,796,Rollover,5,11,20,22,27,36,33,5
2002-11-30,804,Rollover,1,11,12,18,36,37,9,4
2002-11-23,803,Rollover,5,14,21,25,33,38,3,5
2002-11-16,802,Rollover,2,3,8,29,33,35,12,4
2002-11-10,801,Rollover,1,2,9,22,32,33,6,6
2002-11-02,800,Rollover,3,11,13,14,21,25,10,2
2002-12-28,808,Rollover,19,25,27,31,36,40,15,1
2002-12-21,807,Rollover,3,5,19,25,31,35,1,8
2002-12-14,806,Rollover,10,14,16,18,24,28,38,2
2002-12-07,805,Rollover,1,14,34,37,38,39,26,8
2003-01-25,812,Rollover,1,10,11,13,26,33,24,3
2003-01-18,811,Rollover,8,9,12,31,36,38,34,3
2003-01-11,810,Rollover,11,15,23,24,36,38,40,1
2003-01-04,809,Rollover,1,3,6,23,27,38,24,2
2003-02-22,816,Rollover,8,19,25,26,30,31,37,8
2003-02-15,815,Rollover,7,10,16,23,28,30,8,2
2003-02-08,814,Rollover,8,13,22,27,31,36,5,2
2003-02-01,813,Rollover,3,6,8,9,35,39,11,5
2003-03-29,821,Rollover,1,14,16,23,28,36,12,8
2003-03-22,820,Rollover,1,3,13,17,25,38,40,6
2003-03-15,819,Rollover,9,11,15,21,23,24,6,2
2003-03-08,818,Rollover,6,7,10,14,30,34,15,6
2003-03-01,817,Rollover,8,22,29,32,36,39,18,4
2003-04-26,825,Rollover,13,15,18,24,33,40,35,1
2003-04-19,824,Rollover,3,4,10,25,28,35,27,3
2003-04-12,823,Rollover,2,4,6,21,31,39,35,5
2003-04-05,822,Rollover,11,14,15,21,23,38,33,3
2003-05-31,830,Rollover,3,17,20,23,25,39,36,3
2003-05-24,829,Rollover,1,4,10,22,25,37,23,8
2003-05-17,828,Rollover,12,14,20,25,29,37,22,3
2003-05-10,827,Rollover,1,3,16,26,36,40,21,3
2003-05-03,826,Rollover,10,17,18,28,33,36,22,8
2003-06-28,834,Rollover,6,16,22,23,33,35,25,1
2003-06-21,833,Rollover,10,20,25,30,32,35,19,8
2003-06-14,832,Rollover,12,13,14,16,19,24,40,1
2003-06-07,831,Rollover,1,9,14,16,19,29,26,1
2003-07-26,838,Rollover,11,20,27,30,35,39,8,4
2003-07-19,837,Rollover,1,5,32,35,38,40,11,5
2003-07-12,836,Rollover,5,23,24,25,27,33,18,5
2003-07-05,835,Rollover,9,11,14,19,36,37,20,2
2003-08-30,843,Rollover,7,18,23,28,33,40,39,3
2003-08-23,842,Rollover,1,4,7,24,27,28,10,3
2003-08-16,841,Rollover,7,9,12,16,17,19,20,5
2003-08-09,840,Rollover,3,13,23,35,36,37,16,4
2003-08-02,839,Rollover,3,6,8,19,29,32,39,1
2003-09-27,847,Rollover,5,16,20,26,33,35,12,6
2003-09-20,846,Rollover,14,16,25,27,35,40,38,7
2003-09-13,845,Rollover,6,13,14,19,26,30,3,2
2003-09-06,844,Rollover,13,18,19,21,25,39,37,2
2003-10-25,851,Rollover,2,19,22,26,30,35,28,6
2003-10-18,850,Rollover,1,3,21,24,30,31,34,2
2003-10-11,849,Rollover,9,24,26,28,31,32,23,5
2003-10-04,848,Rollover,14,28,29,30,32,35,22,6
2003-11-29,856,Rollover,1,11,15,19,23,37,6,2
2003-11-22,855,Rollover,5,16,24,25,32,39,3,7
2003-11-16,854,Rollover,2,10,17,21,22,27,31,6
2003-11-08,853,Rollover,12,13,25,27,36,39,5,1
2003-11-01,852,Rollover,15,35,10,19,27,13,21,3
2003-12-31,861,Rollover,2,17,18,22,28,35,10,5
2003-12-27,860,Rollover,1,10,19,34,35,38,15,3
2003-12-20,859,Rollover,3,4,6,11,22,29,31,5
2003-12-13,858,Rollover,2,14,15,16,22,34,9,3
2003-12-06,857,Rollover,6,17,22,30,35,38,26,1
2004-01-31,866,Rollover,7,9,20,33,34,35,18,1
2004-01-24,865,Rollover,10,11,24,31,32,39,9,3
2004-01-17,864,Rollover,3,7,8,33,36,38,6,1
2004-01-10,863,Rollover,2,5,13,25,26,30,7,5
2004-01-03,862,Rollover,7,10,14,15,34,35,11,1
2004-02-28,870,Rollover,5,7,8,16,19,39,34,5
2004-02-21,869,Rollover,7,13,19,21,27,32,23,3
2004-02-14,868,Rollover,4,8,19,25,27,40,36,1
2004-02-07,867,Rollover,2,7,15,26,29,33,35,1
2004-03-27,874,Rollover,12,13,19,29,31,33,23,4
2004-03-20,873,Rollover,6,7,8,9,25,30,26,1
2004-03-13,872,Rollover,1,4,5,9,13,26,10,3
2004-03-06,871,Rollover,4,10,11,16,21,32,7,4
2004-04-24,878,Rollover,1,11,15,18,23,32,22,7
2004-04-17,877,Rollover,10,20,29,31,33,36,8,8
2004-04-14,876,Rollover,13,14,23,33,36,39,32,6
2004-04-03,875,Rollover,6,8,12,13,21,35,34,4
2004-05-29,883,Rollover,1,6,9,11,38,40,5,3
2004-05-22,882,Rollover,8,16,17,28,31,39,25,1
2004-05-15,881,Rollover,8,9,17,18,25,36,21,5
2004-05-08,880,Rollover,7,10,12,28,31,40,14,8
2004-05-01,879,Rollover,11,14,21,26,27,31,30,2
2004-06-26,887,Rollover,4,8,19,21,35,37,10,1
2004-06-19,886,Rollover,8,10,19,26,33,36,7,6
2004-06-12,885,Rollover,2,6,13,16,17,33,21,1
2004-06-05,884,Rollover,5,9,18,27,31,37,24,3
2004-07-31,892,Rollover,8,10,14,26,28,35,5,5
2004-07-24,891,Rollover,4,18,19,29,32,33,17,1
2004-07-17,890,Rollover,8,11,17,21,23,30,33,7
2004-07-10,889,Rollover,15,18,21,29,33,35,2,4
2004-07-03,888,Rollover,12,13,21,24,30,31,33,3
2004-08-28,896,Rollover,1,4,10,25,30,39,6,8
2004-08-21,895,"$1,015,163",6,9,11,20,21,38,12,5
2004-08-16,903,Rollover,2,20,23,27,35,37,6,8
2004-08-14,894,"$1,091,064",1,3,24,28,32,34,23,8
2004-08-07,893,Rollover,1,2,3,32,33,39,6,5
2004-09-25,900,"$2,114,240",3,4,11,12,32,38,23,1
2004-09-18,899,Rollover,18,26,27,29,33,39,28,3
2004-09-11,898,"$1,026,192",7,15,19,21,24,34,37,7
2004-09-04,897,"$2,148,284",8,19,20,28,30,33,15,7
2004-10-30,905,"$1,000,000",1,6,16,20,38,40,5,4
2004-10-23,904,"$2,124,656",2,5,7,17,36,39,19,6
2004-10-09,902,"$1,022,560",2,11,21,22,25,39,1,1
2004-10-02,901,"$1,005,417",12,18,20,27,34,38,24,3
2004-11-27,909,"$1,000,000",25,26,30,32,33,40,21,4
2004-11-20,908,"$1,000,000",2,19,21,23,34,39,37,6
2004-11-13,907,"$1,000,000",1,9,15,24,31,32,20,8
2004-11-06,906,"$1,000,000",22,24,30,31,34,40,3,5
2004-12-25,915,Rollover,1,8,9,24,27,30,6,2
2004-12-18,913,"$1,064,190",9,19,20,26,35,38,24,6
2004-12-15,912,Rollover,3,5,7,21,27,34,35,2
2004-12-11,911,"$1,062,926",10,12,22,36,38,39,25,7
2004-12-04,910,"$1,021,920",6,9,14,15,26,31,33,3
2005-01-29,920,"$1,044,846",13,19,25,29,34,35,31,4
2005-01-22,919,"$1,036,482",2,13,21,24,36,39,12,4
2005-01-15,918,"$2,027,160",1,6,14,20,26,39,19,3
2005-01-08,917,Rollover,7,9,34,36,37,38,23,7
2005-01-01,916,Rollover,12,18,22,30,32,38,6,3
2005-02-26,924,"$1,000,000",3,9,16,27,31,36,34,6
2005-02-19,923,"$1,000,000",2,6,26,32,33,37,5,6
2005-02-12,922,"$1,040,362",16,26,27,29,31,39,18,7
2005-02-05,921,"$1,063,764",4,18,22,30,36,38,19,8
2005-03-30,929,"$1,000,000",10,16,21,27,37,39,1,8
2005-03-26,928,"$1,135,953",9,17,19,22,35,38,13,1
2005-03-19,927,"$2,014,910",4,8,21,25,32,37,30,3
2005-03-12,926,Rollover,8,16,20,28,35,40,7,7
2005-03-05,925,"$1,000,000",11,18,25,27,32,33,19,7
2005-04-30,934,Rollover,19,24,30,36,37,40,38,3
2005-04-23,933,"$1,124,427",4,16,27,28,30,36,25,8
2005-04-16,932,"$1,003,790",2,4,17,27,29,31,23,4
2005-04-09,931,"$1,000,000",7,18,21,23,29,31,13,5
2005-04-02,930,"$1,000,000",10,15,20,26,28,29,17,7
2005-05-28,938,"$1,088,211",1,5,13,22,34,38,20,1
2005-05-21,937,"$1,059,640",6,13,15,18,37,39,17,4
2005-05-14,936,"$3,272,618",15,19,21,25,27,39,6,2
2005-05-07,935,Rollover,7,8,13,19,20,33,31,5
2005-06-26,942,"$1,466,280",5,9,15,20,32,40,25,4
2005-06-18,941,"$1,311,458",4,9,10,17,18,26,37,1
2005-06-11,940,"$1,167,433",5,23,24,27,31,34,4,8
2005-06-04,939,"$1,161,594",1,5,14,18,37,40,28,
2005-07-30,947,"$1,088,592",1,14,15,21,23,32,12,5
2005-07-23,946,"$2,036,215",1,17,21,23,32,34,24,3
2005-07-16,945,Rollover,11,14,19,21,28,35,16,5
2005-07-02,943,"$1,000,000",37,20,22,34,11,12,26,2
2005-08-27,951,"$1,249,402",4,6,9,18,28,33,17,5
2005-08-20,950,"$1,151,820",5,13,22,23,29,30,25,2
2005-08-13,949,"$1,114,510",5,11,12,24,32,34,16,8
2005-08-06,948,"$1,057,266",6,8,13,21,23,31,29,8
2005-09-24,955,"$1,000,000",8,9,17,28,31,39,13,6
2005-09-17,954,"$1,000,000",4,8,9,20,24,36,15,7
2005-09-10,953,"$1,466,136",2,8,22,31,33,35,20,4
2005-09-03,952,"$1,466,960",3,6,16,19,20,31,12,1
2005-10-29,960,"$1,000,000",20,23,24,33,35,37,9,6
2005-10-22,959,"$1,034,178",1,9,11,12,14,16,5,2
2005-10-16,958,"$1,000,000",1,8,24,28,35,40,18,1
2005-10-08,957,"$1,000,000",5,6,8,22,29,40,32,8
2005-10-01,956,"$1,000,000",17,24,26,36,37,38,8,6
2005-11-26,964,"$2,000,001",1,3,22,26,31,33,4,1
2005-11-19,963,Rollover,2,4,17,24,26,40,1,6
2005-11-12,962,"$1,036,746",16,20,27,28,31,39,36,8
2005-11-05,961,"$1,016,874",4,14,24,25,34,36,3,3
2005-12-31,969,"$1,202,506",19,21,25,29,35,36,23,4
2005-12-24,968,"$1,560,132",3,5,14,22,23,32,27,7
2005-12-17,967,"$1,000,000",5,6,12,25,31,33,17,1
2005-12-11,966,"$1,000,000",9,11,20,22,32,36,35,1
2005-12-04,965,"$1,000,000",2,5,10,12,16,18,32,6
2006-01-28,973,"$1,000,000",7,17,20,25,32,35,8,
2006-01-22,972,"$1,000,000",9,13,18,21,26,40,3,7
2006-01-14,971,"$2,000,000",6,10,17,30,32,34,31,2
2006-01-07,970,Rollover,6,14,16,28,29,30,21,7
2006-02-25,977,"$1,000,000",15,17,21,38,39,40,14,1
2006-02-18,976,"$1,000,000",4,18,21,22,30,32,20,3
2006-02-11,975,"$1,000,000",7,26,28,29,31,36,24,3
2006-02-04,974,"$1,000,000",12,13,14,15,32,40,18,4
2006-03-25,981,"$1,000,000",12,13,15,17,26,28,23,1
2006-03-18,980,"$1,000,000",5,21,25,30,38,39,12,4
2006-03-11,979,"$1,000,000",11,19,22,23,26,37,12,3
2006-03-04,978,"$1,000,000",4,12,14,16,20,24,2,7
2006-04-29,986,"$1,148,635",2,7,10,27,32,40,4,2
2006-04-22,985,"$1,085,510",8,11,19,26,35,37,40,5
2006-04-15,984,"$1,131,642",33,12,7,5,10,23,26,3
2006-04-08,983,"$1,000,000",10,13,17,23,32,34,5,5
2006-04-01,982,"$1,000,000",11,17,25,30,33,37,6,6
2006-05-27,990,"$1,000,000",19,30,33,34,35,36,14,1
2006-05-20,989,"$1,453,065",6,8,13,22,24,27,1,6
2006-05-13,988,"$1,363,032",1,9,10,15,25,28,6,2
2006-05-06,987,"$1,179,456",13,15,22,29,31,32,19,6
2006-06-25,994,Rollover,11,17,19,24,26,37,3,5
2006-06-24,944,"$1,000,000",11,17,19,24,26,37,3,5
2006-06-17,993,"$1,000,000",1,3,4,5,7,12,21,1
2006-06-11,992,"$1,000,000",4,9,15,36,38,40,33,4
2006-06-03,991,"$1,000,000",3,7,9,18,28,30,23,2
2006-07-29,999,"$3,105,254",5,16,20,21,23,24,26,6
2006-07-22,998,Rollover,13,18,29,35,38,39,20,5
2006-07-15,997,Rollover,7,24,26,27,29,39,1,2
2006-07-08,996,"$1,000,000",6,16,21,28,37,39,30,5
2006-07-01,995,"$2,000,000",12,16,20,26,27,29,18,6
2006-08-26,1003,"$1,000,000",12,20,21,23,34,39,4,2
2006-08-19,1002,"$1,083,870",1,3,4,6,12,17,2,2
2006-08-13,1001,"$1,030,395",11,12,17,23,38,40,34,4
2006-08-05,1000,"$1,325,120",1,10,11,12,25,32,9,1
2006-09-30,1008,"$1,000,000",3,8,14,19,27,29,36,3
2006-09-23,1007,"$1,000,000",3,7,17,20,28,33,37,6
2006-09-16,1006,"$1,000,000",2,4,18,19,36,39,16,1
2006-09-10,1005,"$1,000,000",1,3,9,15,21,24,33,4
2006-09-02,1004,"$1,000,000",10,11,20,23,25,37,21,7
2006-10-28,1012,"$1,000,000",6,8,12,20,27,29,23,1
2006-10-21,1011,"$1,000,002",2,8,11,13,16,22,31,4
2006-10-14,1010,"$1,000,000",3,12,25,28,37,39,22,6
2006-10-07,1009,"$1,000,000",2,5,6,7,10,27,30,2
2006-11-25,1016,"$1,000,000",10,19,24,35,38,40,8,6
2006-11-18,1015,"$1,000,000",4,13,14,31,38,39,30,8
2006-11-11,1014,"$1,000,000",2,5,11,19,22,23,29,6
2006-11-04,1013,"$1,000,000",2,11,15,24,30,38,37,7
2006-12-30,1021,"$1,168,707",9,11,21,22,25,31,7,3
2006-12-23,1020,"$1,197,770",7,10,13,14,16,37,22,6
2006-12-16,1019,"$1,000,000",2,4,21,27,31,32,16,6
2006-12-10,1018,"$1,000,000",1,6,9,11,13,30,40,8
2006-12-09,101,Rollover,1,6,9,11,13,30,40,8
2006-12-02,1017,"$1,000,000",1,7,10,25,28,32,20,6
2007-01-27,1025,"$1,000,000",2,20,21,24,29,31,12,2
2007-01-20,1024,"$1,000,000",3,6,12,15,20,27,16,4
2007-01-13,1023,"$1,000,000",4,9,16,23,28,37,39,8
2007-01-06,1022,"$1,000,000",1,4,9,18,25,34,26,1
2007-02-24,1029,"$1,000,000",4,5,20,30,35,37,25,5
2007-02-17,1028,"$1,000,002",20,21,27,32,36,38,19,8
2007-02-10,1027,"$1,000,000",5,17,21,29,35,38,25,4
2007-02-03,1026,"$1,000,000",9,11,16,27,32,36,15,8
2007-03-31,1034,"$1,000,000",10,15,19,23,26,31,40,7
2007-03-25,1033,"$1,000,000",4,9,17,30,31,40,29,2
2007-03-17,1032,"$1,000,000",1,15,22,23,25,30,28,8
2007-03-10,1031,"$1,000,000",1,3,7,18,21,25,10,7
2007-03-04,1030,"$1,000,000",18,25,28,32,35,38,37,4
2007-04-28,1038,"$1,155,071",2,3,17,24,34,39,27,3
2007-04-21,1037,"$1,102,962",2,11,20,34,36,39,17,2
2007-04-14,1036,"$1,014,951",11,13,16,29,34,38,28,7
2007-04-07,1035,"$1,144,554",5,11,14,16,21,33,23,1
2007-05-26,1042,"$1,000,000",4,10,11,14,17,39,40,8
2007-05-19,1041,"$1,000,000",5,7,8,12,33,35,23,8
2007-05-12,1040,"$1,436,180",5,6,14,19,25,34,22,8
2007-05-05,1039,"$1,258,639",4,10,11,25,37,38,2,1
2007-06-30,1047,"$2,000,000",1,13,23,28,32,40,38,2
2007-06-23,1046,Rollover,2,12,29,30,33,38,35,7
2007-06-16,1045,"$1,000,002",1,3,7,9,10,15,17,3
2007-06-09,1044,"$1,000,000",2,11,23,25,27,38,1,8
2007-06-02,1043,"$1,000,000",17,19,20,24,29,32,34,4
2007-07-28,1051,"$1,000,000",1,7,13,18,26,30,5,8
2007-07-21,1050,"$1,000,000",4,10,15,16,30,35,1,8
2007-07-14,1049,"$1,000,000",6,12,18,27,36,38,22,4
2007-07-07,1048,"$1,000,000",1,12,13,20,25,34,14,1
2007-08-25,1055,"$1,314,615",14,19,20,22,35,37,18,4
2007-08-18,1054,"$1,071,351",2,9,16,26,29,36,34,6
2007-08-11,1053,"$1,000,000",4,34,32,8,28,7,9,2
2007-08-04,1052,"$1,000,000",5,39,24,15,37,34,8,3
2007-09-29,1060,"$1,000,000",4,7,17,20,32,35,37,2
2007-09-22,1059,"$1,000,000",6,8,14,24,32,33,26,5
2007-09-15,1058,"$1,000,000",4,7,12,23,24,26,21,4
2007-09-08,1057,"$2,000,000",2,5,23,24,28,29,4,7
2007-09-01,1056,Rollover,12,13,15,16,22,38,23,5
2007-10-27,1064,"$1,000,000",19,23,25,27,32,40,38,3
2007-10-20,1063,"$2,000,000",9,14,27,34,37,38,29,6
2007-10-13,1062,Rollover,4,26,29,32,34,36,27,1
2007-10-06,1061,"$1,000,000",1,13,14,21,24,35,6,7
2007-11-24,1068,"$1,000,000",3,4,18,27,29,38,30,5
2007-11-17,1067,"$1,000,000",13,18,24,26,31,37,20,8
2007-11-10,1066,"$2,000,000",2,12,13,25,37,39,40,6
2007-11-03,1065,Rollover,11,15,23,30,31,40,7,6
2007-12-29,1073,"$1,473,630",8,22,30,33,35,38,32,10
2007-12-22,1072,"$1,288,132",17,20,27,30,31,38,13,6
2007-12-15,1071,"$2,068,248",2,7,11,17,28,31,35,1
2007-12-08,1070,Rollover,4,8,9,18,21,34,7,3
2007-12-01,1069,"$1,000,000",1,3,14,33,38,40,5,7
2008-01-26,1077,"$1,000,000",10,15,19,22,34,40,17,4
2008-01-19,1076,"$1,000,000",8,10,12,26,36,38,21,5
2008-01-12,1075,"$1,000,000",5,14,16,19,22,40,33,9
2008-01-05,1074,"$1,227,591",3,8,14,18,21,36,35,3
2008-02-23,1081,"$1,009,473",4,13,27,32,36,38,8,1
2008-02-16,1080,"$1,000,000",3,9,14,15,23,40,33,8
2008-02-09,1079,"$1,000,000",14,16,19,36,39,40,1,7
2008-02-03,1078,"$1,000,000",2,4,12,22,32,38,20,8
2008-03-29,1086,"$1,365,249",5,13,16,28,38,40,25,4
2008-03-22,1085,"$3,787,305",21,22,23,26,30,32,37,6
2008-03-15,1084,Rollover,3,16,17,23,25,40,39,6
2008-03-08,1083,Rollover,6,12,17,18,35,39,4,9
2008-03-01,1082,"$1,087,464",4,12,29,31,32,35,9,4
2008-04-26,1090,"$1,000,000",10,16,22,28,35,40,13,8
2008-04-19,1089,"$1,000,000",3,5,11,16,24,28,14,6
2008-04-12,1088,"$1,000,000",11,12,16,23,29,31,30,8
2008-04-05,1087,"$1,667,484",7,17,19,27,33,36,11,5
2008-05-31,1095,"$1,056,438",8,14,23,30,31,39,9,8
2008-05-23,1094,"$1,002,677",1,9,10,23,25,34,2,6
2008-05-17,1093,"$2,095,320",3,10,14,27,35,38,34,1
2008-05-10,1092,Rollover,9,15,17,30,36,39,7,9
2008-05-03,1091,"$1,000,000",14,25,29,32,33,38,40,7
2008-06-28,1099,"$1,290,470",7,17,29,30,36,37,19,5
2008-06-21,1098,"$1,198,229",11,12,21,26,36,37,9,10
2008-06-14,1097,"$1,146,812",26,28,33,35,37,40,15,9
2008-06-07,1096,"$1,082,832",12,22,23,31,32,34,13,10
2008-07-26,1103,"$1,003,224",4,7,17,24,32,35,16,10
2008-07-19,1102,"$2,000,000",15,17,21,30,38,40,18,2
2008-07-12,1101,Rollover,9,14,16,17,26,28,7,2
2008-07-05,1100,"$1,000,000",2,10,18,23,30,38,3,6
2008-08-30,1108,Rollover,3,4,23,26,35,36,34,4
2008-08-23,1107,"$1,061,068",5,6,22,23,24,30,13,6
2008-08-16,1106,"$1,022,324",4,6,7,19,25,35,21,3
2008-08-09,1105,"$1,020,720",4,7,8,35,37,38,34,2
2008-08-02,1104,"$1,143,561",2,5,17,18,34,40,32,5
2008-09-27,1112,"$1,461,422",6,11,26,29,34,37,20,6
2008-09-20,1111,"$1,253,630",3,6,10,11,15,16,27,3
2008-09-13,1110,"$1,182,702",2,15,17,20,27,28,39,8
2008-09-06,1109,"$2,359,644",7,19,25,31,35,38,24,1
2008-10-25,1116,"$1,000,000",1,6,15,19,22,39,35,3
2008-10-18,1115,"$3,032,820",2,5,16,22,31,40,28,2
2008-10-11,1114,"$2,212,497",4,8,17,24,27,35,10,8
2008-10-04,1113,"$1,934,240",8,10,11,26,32,39,36,8
2008-11-29,1121,"$1,000,000",2,12,13,16,23,33,5,6
2008-11-22,1120,"$1,000,000",13,16,27,29,30,38,11,3
2008-11-15,1119,"$2,000,001",6,9,10,14,26,40,37,2
2008-11-08,1118,Rollover,1,19,22,29,30,37,23,1
2008-11-01,1117,"$1,000,000",6,14,15,18,23,37,30,6
2008-12-27,1125,"$1,413,528",2,9,16,22,27,36,5,2
2008-12-20,1124,"$1,034,516",4,25,26,27,35,38,30,4
2008-12-13,1123,"$1,000,000",3,18,24,28,31,38,23,2
2008-12-06,1122,"$1,000,000",10,18,19,22,39,40,21,3
2009-01-31,1130,"$1,017,058",3,13,19,21,31,37,36,9
2009-01-24,1129,"$1,000,000",3,17,19,20,24,29,35,1
2009-01-17,1128,"$1,000,000",11,16,17,25,33,37,21,2
2009-01-10,1127,"$1,000,000",7,10,18,22,31,32,9,6
2009-01-03,1126,"$1,000,000",5,10,18,21,26,30,22,4
2009-02-28,1134,"$1,000,000",4,5,7,23,30,34,15,5
2009-02-21,1133,"$1,095,460",5,11,12,19,26,31,30,2
2009-02-14,1132,"$1,058,632",6,16,28,33,36,37,34,7
2009-02-07,1131,"$1,015,536",5,10,18,21,25,28,1,2
2009-03-28,1138,"$1,000,002",3,11,17,23,26,39,36,1
2009-03-21,1137,"$1,000,000",3,7,20,24,36,40,18,8
2009-03-14,1136,"$1,000,000",1,8,12,15,18,22,20,4
2009-03-07,1135,"$1,000,000",13,15,18,24,32,38,26,1
2009-04-25,1142,"$1,099,809",6,11,30,33,37,38,5,2
2009-04-18,1141,"$1,019,874",11,14,16,25,33,38,29,1
2009-04-11,1140,"$2,238,505",16,20,24,26,35,37,9,8
2009-04-04,1139,Rollover,8,9,10,17,22,36,34,3
2009-05-30,1147,"$1,000,000",14,15,24,30,31,37,25,6
2009-05-23,1146,"$1,297,674",7,12,14,17,22,34,15,10
2009-05-16,1145,"$1,223,244",1,5,11,15,18,21,33,4
2009-05-09,1144,"$1,297,026",1,12,14,19,20,23,36,1
2009-05-02,1143,"$1,128,616",3,15,21,31,33,40,1,6
2009-06-28,1151,"$1,000,000",1,14,15,30,32,40,9,9
2009-06-20,1150,"$1,000,000",10,13,19,22,34,38,7,2
2009-06-13,1149,"$1,000,000",1,17,21,22,31,32,2,10
2009-06-06,1148,"$1,000,000",7,16,18,33,39,40,2,1
2009-07-28,1155,"$1,028,447",5,15,16,19,20,23,27,2
2009-07-18,1154,"$1,000,000",4,16,29,32,38,40,36,6
2009-07-11,1153,"$1,000,000",9,12,24,32,36,37,22,2
2009-07-04,1152,"$1,000,000",2,7,9,12,17,26,31,8
2009-08-29,1160,"$1,056,961",8,10,20,21,22,23,28,4
2009-08-22,1159,"$1,029,772",13,18,19,35,39,40,8,9
2009-08-15,1158,"$1,017,648",2,3,17,27,39,40,22,1
2009-08-08,1157,"$1,000,000",12,19,23,24,31,35,8,5
2009-08-01,1156,"$1,000,000",12,13,19,26,35,40,2,2
2009-09-26,1164,"$1,306,235",8,13,19,22,33,36,29,5
2009-09-19,1163,"$1,180,262",4,13,18,24,25,37,3,3
2009-09-12,1162,"$1,133,124",4,10,11,25,31,40,2,7
2009-09-10,1166,"$1,000,000",13,26,29,31,33,35,38,2
2009-09-05,1161,"$1,232,270",1,7,13,15,22,31,14,7
2009-10-31,1169,"$1,000,000",9,10,13,28,30,34,21,5
2009-10-24,1168,"$1,000,000",2,8,15,21,31,35,13,5
2009-10-18,1167,"$1,000,000",12,16,21,29,33,37,3,6
2009-10-03,1165,"$1,364,436",1,13,15,25,27,31,16,9
2009-11-28,1173,"$1,000,000",5,14,15,20,22,32,7,3
2009-11-22,1172,"$1,000,000",12,18,22,25,36,39,37,4
2009-11-14,1171,"$1,000,000",2,5,8,24,28,30,32,5
2009-11-07,1170,"$1,000,000",5,13,18,32,37,40,23,5
2009-12-26,1177,"$1,208,034",1,3,18,22,27,40,23,3
2009-12-19,1176,"$1,000,000",1,5,13,26,30,39,18,2
2009-12-12,1175,"$1,000,000",1,4,6,8,21,23,25,7
2009-12-05,1174,"$1,000,000",2,4,15,30,32,38,22,7
2010-01-30,1182,"$1,000,000",3,8,11,13,19,36,29,7
2010-01-23,1181,"$1,000,000",3,4,28,30,34,39,13,5
2010-01-16,1180,"$1,000,000",3,6,11,18,22,29,20,6
2010-01-09,1179,"$1,000,000",16,21,30,32,37,40,12,8
2010-01-02,1178,"$1,120,738",13,21,23,25,34,39,9,4
2010-02-27,1186,"$1,000,000",9,14,16,20,36,40,34,4
2010-02-20,1185,"$1,000,000",11,15,21,24,37,38,36,4
2010-02-13,1184,"$1,000,000",14,25,29,33,35,38,40,9
2010-02-06,1183,"$1,000,000",11,14,15,19,23,36,39,5
2010-03-27,1190,"$1,000,000",7,12,15,27,37,39,23,3
2010-03-20,1189,"$1,000,000",19,23,25,30,31,32,6,6
2010-03-13,1188,"$1,000,000",4,7,12,14,15,16,22,6
2010-03-06,1187,"$1,000,000",5,11,26,30,37,39,14,5
2010-04-24,1194,"$1,000,000",1,16,18,30,33,40,23,8
2010-04-17,1193,"$1,059,968",3,9,29,30,35,39,19,4
2010-04-10,1192,"$1,000,000",3,5,6,21,27,38,28,1
2010-04-03,1191,"$1,164,716",7,13,14,16,17,36,28,8
2010-05-29,1199,"$1,000,000",1,10,12,21,27,31,9,3
2010-05-22,1198,"$1,000,000",1,4,14,18,25,36,30,8
2010-05-15,1197,"$1,000,000",16,19,23,26,27,32,25,10
2010-05-08,1196,"$1,095,216",10,11,14,18,22,31,21,2
2010-05-01,1195,"$1,000,000",4,8,16,20,31,38,11,5
2010-06-26,1203,"$2,258,700",5,7,8,11,28,35,25,8
2010-06-19,1202,Rollover,14,18,30,33,36,37,29,3
2010-06-12,1201,"$1,070,673",10,12,30,32,36,38,21,2
2010-06-05,1200,"$1,036,992",7,11,16,20,25,30,34,6
2010-07-31,1208,"$1,000,000",1,8,22,26,28,38,9,3
2010-07-24,1207,"$1,000,000",1,11,12,22,32,36,35,6
2010-07-17,1206,"$1,000,000",5,8,10,24,28,35,36,6
2010-07-10,1205,"$1,000,002",2,10,11,18,22,25,16,5
2010-07-03,1204,"$1,000,000",1,6,17,21,24,34,40,10
2010-08-28,1212,"$1,039,278",3,7,11,26,38,40,12,6
2010-08-21,1211,"$1,032,011",10,13,17,22,23,33,25,4
2010-08-14,1210,"$1,000,000",2,11,13,23,29,30,18,5
2010-08-07,1209,"$1,000,000",4,18,24,28,34,35,14,6
2010-09-25,1216,"$1,267,854",4,5,11,14,27,32,1,10
2010-09-18,1215,"$1,182,436",9,12,19,23,32,37,4,4
2010-09-11,1214,"$2,353,476",1,2,5,31,34,39,25,2
2010-09-04,1213,Rollover,16,18,31,35,36,39,37,3
2010-10-30,1221,"$1,000,000",2,7,16,21,25,28,13,2
2010-10-23,1220,"$1,000,000",4,23,27,34,37,40,13,10
2010-10-16,1219,"$2,002,605",9,14,15,31,35,38,29,10
2010-10-09,1218,"$1,628,834",1,6,22,28,35,38,32,9
2010-10-02,1217,"$1,396,940",5,13,30,34,37,40,38,2
2010-11-27,1225,"$1,000,000",1,7,8,32,36,38,21,3
2010-11-20,1224,"$1,000,000",6,9,12,17,23,30,3,8
2010-11-13,1223,"$2,000,000",6,15,19,28,33,35,36,10
2010-11-06,1222,Rollover,11,20,28,31,32,38,10,1
2010-12-25,1229,"$1,000,000",3,6,10,12,22,25,28,5
2010-12-18,1228,"$2,000,000",1,19,26,28,38,39,27,4
2010-12-11,1227,Rollover,2,3,11,13,16,26,8,8
2010-12-04,1226,"$1,000,000",1,14,19,21,32,34,30,10
2011-01-29,1234,"$1,000,000",1,2,5,12,22,29,9,1
2011-01-22,1233,"$1,000,000",13,18,19,30,33,34,40,4
2011-01-15,1232,"$1,000,000",1,2,10,15,32,36,35,10
2011-01-08,1231,"$1,000,000",5,10,16,20,36,37,30,10
2011-01-01,1230,"$1,000,000",5,10,13,29,34,37,7,8
2011-02-26,1238,"$1,000,000",4,6,12,17,27,32,25,9
2011-02-19,1237,"$1,000,000",2,15,17,27,32,37,13,6
2011-02-12,1236,"$2,000,001",7,27,29,36,37,38,19,4
2011-02-05,1235,Rollover,5,6,13,31,33,36,40,2
2011-03-26,1242,"$1,000,000",3,10,13,19,22,33,38,5
2011-03-19,1241,"$1,000,000",1,18,21,24,29,40,35,6
2011-03-12,1240,"$1,000,000",1,9,10,19,33,38,23,2
2011-03-05,1239,"$1,000,000",1,8,23,25,31,40,28,10
2011-04-30,1247,"$1,000,000",4,5,8,20,28,37,36,1
2011-04-23,1246,"$1,000,000",13,16,18,23,27,31,6,10
2011-04-16,1245,"$1,000,000",4,8,17,24,38,39,15,10
2011-04-09,1244,"$1,000,000",3,5,8,18,20,35,10,3
2011-04-02,1243,"$1,000,000",8,13,25,28,31,34,21,8
2011-05-28,1251,"$1,000,000",7,9,21,26,27,33,4,3
2011-05-21,1250,"$1,000,000",7,12,15,22,27,31,11,8
2011-05-14,1249,"$2,000,000",6,12,20,28,30,34,33,2
2011-05-07,1248,Rollover,24,27,28,30,36,37,20,2
2011-06-25,1255,"$1,000,000",3,17,18,26,34,39,25,2
2011-06-18,1254,"$1,000,000",15,16,21,25,30,32,13,5
2011-06-11,1253,"$1,000,000",1,2,7,27,28,40,31,1
2011-06-04,1252,"$1,000,000",2,20,22,25,26,38,12,3
2011-07-30,1260,"$1,000,000",5,16,25,26,27,39,17,10
2011-07-23,1259,"$1,000,000",6,8,10,23,33,39,2,1
2011-07-16,1258,"$1,000,000",6,17,22,23,25,35,7,3
2011-07-09,1257,"$1,000,000",15,18,20,32,37,39,31,9
2011-07-02,1256,"$1,000,000",1,2,19,28,30,36,27,10
2011-08-27,1264,"$1,000,000",23,25,31,32,37,38,13,3
2011-08-20,1263,"$1,000,000",2,4,15,28,29,30,19,3
2011-08-13,1262,"$1,000,000",9,19,24,35,39,40,12,6
2011-08-06,1261,"$1,000,000",1,13,14,22,26,36,7,5
2011-09-24,1268,"$2,000,000",3,11,13,14,21,36,1,9
2011-09-17,1267,Rollover,6,12,15,26,27,34,3,2
2011-09-10,1266,"$1,000,000",5,8,12,22,27,39,32,4
2011-09-03,1265,"$1,000,000",1,7,16,19,26,37,28,5
2011-10-29,1273,"$1,000,000",1,15,16,21,26,34,2,9
2011-10-20,1272,"$2,000,001",6,10,12,24,35,40,9,7
2011-10-15,1271,Rollover,12,13,26,31,32,34,7,2
2011-10-08,1270,"$1,000,000",17,23,25,28,39,40,15,10
2011-10-01,1269,"$1,000,000",4,6,7,21,33,40,5,9
2011-11-26,1277,"$1,000,000",3,8,17,23,33,38,40,8
2011-11-19,1276,"$1,000,000",13,15,25,26,30,31,6,9
2011-11-12,1275,"$1,000,000",1,2,5,6,8,18,31,6
2011-11-05,1274,"$1,000,000",2,5,21,31,35,38,29,6
2011-12-31,1282,"$1,000,000",4,10,13,27,36,39,26,9
2011-12-24,1281,"$1,000,000",7,15,18,26,32,34,12,3
2011-12-17,1280,"$3,000,004",9,13,19,23,31,40,24,3
2011-12-10,1279,Rollover,13,14,27,30,36,37,28,3
2011-12-03,1278,Rollover,4,15,18,21,32,33,26,5
2012-01-28,1286,"$1,000,000",6,8,16,33,35,40,26,5
2012-01-21,1285,"$1,000,000",1,4,7,13,20,38,39,7
2012-01-14,1284,"$1,000,000",1,3,5,16,19,34,9,9
2012-01-07,1283,"$1,000,000",8,10,12,35,36,40,14,10
2012-02-25,1290,"$1,000,000",3,7,9,20,27,40,37,1
2012-02-18,1289,"$1,000,000",7,13,22,27,34,36,30,7
2012-02-11,1288,"$2,000,000",2,7,9,17,21,33,29,3
2012-02-04,1287,Rollover,21,23,26,33,34,38,35,1
2012-03-31,1295,"$1,000,000",4,5,21,24,35,40,37,7
2012-03-24,1294,"$1,000,000",2,9,14,19,22,33,10,2
2012-03-17,1293,"$1,000,000",4,5,11,18,33,40,23,2
2012-03-10,1292,"$1,000,000",8,11,15,24,35,39,38,4
2012-03-03,1291,"$1,000,000",3,8,23,31,39,40,22,7
2012-04-28,1299,"$1,000,000",1,4,12,13,20,24,22,9
2012-04-21,1298,Rollover,7,11,12,13,15,16,30,3
2012-04-14,1297,"$1,000,000",13,17,23,27,31,33,25,8
2012-04-07,1296,"$1,000,000",5,21,24,27,30,35,14,1
2012-05-26,1303,"$1,000,000",8,10,12,20,21,39,26,1
2012-05-19,1302,"$1,000,000",13,16,18,32,36,37,17,4
2012-05-12,1301,"$2,000,000",2,13,16,24,35,36,19,8
2012-05-05,1300,Rollover,7,28,31,34,35,38,33,9
2012-06-30,1308,"$1,000,000",2,9,10,14,22,24,40,9
2012-06-23,1307,"$1,000,000",25,26,28,29,30,32,5,4
2012-06-16,1306,"$1,000,000",9,18,20,27,33,39,6,2
2012-06-09,1305,"$1,000,000",5,6,7,10,17,24,40,2
2012-06-02,1304,"$1,000,000",10,11,15,21,24,33,30,6
2012-07-28,1312,"$1,000,002",2,7,8,9,18,25,36,1
2012-07-21,1311,"$1,000,000",1,13,15,17,26,31,40,8
2012-07-14,1310,"$2,000,000",4,7,11,12,15,34,2,2
2012-07-07,1309,Rollover,8,11,21,27,39,40,20,7
2012-08-25,1316,"$1,000,000",8,13,17,18,27,39,20,7
2012-08-18,1315,"$1,000,000",10,13,21,23,27,35,5,2
2012-08-11,1314,"$1,000,000",2,4,15,20,26,31,22,3
2012-08-04,1313,"$1,000,000",10,12,13,24,29,38,26,9
2012-09-29,1321,Rollover,6,9,13,30,34,35,17,6
2012-09-22,1320,"$2,000,000",9,12,17,19,21,35,1,8
2012-09-15,1319,Rollover,1,3,14,16,36,38,8,7
2012-09-08,1318,"$1,000,000",7,16,31,38,39,40,28,2
2012-09-01,1317,"$1,000,000",1,5,15,26,33,35,24,2
2012-10-27,1325,"$2,000,000",14,15,29,33,36,39,38,8
2012-10-20,1324,Rollover,2,11,12,14,27,31,13,10
2012-10-13,1323,"$1,000,000",1,7,29,30,31,40,20,2
2012-10-06,1322,"$2,000,000",9,15,19,22,23,30,8,5
2012-11-24,1329,"$1,000,000",3,4,18,19,34,35,21,9
2012-11-17,1328,"$2,000,001",1,17,18,22,28,32,38,10
2012-11-10,1327,Rollover,18,22,31,32,33,36,26,10
2012-11-04,1326,"$1,000,000",1,2,15,21,35,36,20,8
2012-12-29,1334,"$1,000,000",3,6,7,25,26,29,8,4
2012-12-22,1333,"$1,000,000",6,8,13,14,19,31,2,2
2012-12-15,1332,"$1,000,000",6,12,23,24,25,36,33,7
2012-12-08,1331,"$1,000,000",9,13,18,21,24,27,26,8
2012-12-01,1330,"$1,000,000",8,10,14,15,21,39,20,4
2013-01-26,1338,"$1,000,000",1,2,12,27,29,31,16,2
2013-01-19,1337,"$1,000,000",5,19,21,32,36,39,9,8
2013-01-12,1336,"$1,000,000",1,2,3,7,8,30,14,5
2013-01-05,1335,"$1,000,000",1,3,8,14,26,30,34,10
2013-02-23,1342,Rollover,13,21,28,29,38,40,30,1
2013-02-16,1341,"$2,000,000",2,6,25,32,35,36,15,2
2013-02-09,1340,Rollover,4,9,17,19,20,28,21,7
2013-02-02,1339,"$1,000,000",5,6,13,19,24,39,26,5
2013-03-30,1347,"$1,000,000",6,10,11,26,36,38,33,3
2013-03-23,1346,"$1,000,000",1,16,18,29,30,32,25,5
2013-03-16,1345,"$1,000,000",3,11,13,15,16,26,5,8
2013-03-09,1344,"$1,000,000",7,10,11,37,39,40,24,8
2013-03-02,1343,"$2,000,000",8,11,12,18,33,37,13,4
2013-04-27,1351,"$1,000,000",9,13,17,18,23,35,39,2
2013-04-20,1350,"$1,000,000",15,29,31,34,39,40,16,10
2013-04-13,1349,"$1,000,000",6,7,16,24,37,38,20,8
2013-04-06,1348,"$1,000,000",13,16,25,29,33,38,18,8
2013-05-25,1355,"$1,000,000",2,4,9,17,19,27,31,5
2013-05-18,1354,"$1,000,000",3,8,22,33,35,36,37,5
2013-05-11,1353,"$1,000,000",12,16,18,19,29,39,37,5
2013-05-04,1352,"$1,000,000",15,24,26,27,38,40,2,2
2013-06-29,1360,"$1,000,000",3,10,16,17,20,38,32,8
2013-06-22,1359,"$1,000,000",2,7,14,23,30,33,5,8
2013-06-15,1358,"$1,000,000",12,26,31,33,36,39,17,8
2013-06-08,1357,"$1,000,000",6,7,19,29,32,37,27,8
2013-06-01,1356,"$1,000,000",8,11,13,22,23,36,15,2
2013-07-27,1364,"$2,000,000",1,2,24,32,36,37,14,1
2013-07-20,1363,Rollover,1,6,10,20,21,36,32,3
2013-07-13,1362,"$1,000,000",3,5,13,19,22,32,15,3
2013-07-06,1361,"$1,000,000",13,14,19,25,34,38,8,1
2013-08-31,1369,"$1,000,002",6,12,17,20,25,28,10,2
2013-08-24,1368,"$1,000,000",4,7,19,27,36,40,1,1
2013-08-17,1367,"$1,000,000",1,11,16,23,29,34,7,3
2013-08-10,1366,"$1,000,000",5,21,23,27,30,38,36,2
2013-08-03,1365,"$1,000,000",4,6,9,15,23,29,7,3
2013-09-28,1373,"$1,000,000",1,21,29,33,39,40,8,4
2013-09-21,1372,"$2,000,000",6,8,17,18,21,26,10,5
2013-09-14,1371,Rollover,2,5,11,19,30,31,23,7
2013-09-07,1370,"$1,000,000",2,4,24,32,33,38,15,4
2013-10-26,1377,"$1,000,000",4,15,19,27,32,33,38,2
2013-10-19,1376,"$1,000,000",2,14,27,29,34,40,5,2
2013-10-12,1375,"$1,000,000",6,8,30,32,37,39,16,2
2013-10-05,1374,"$1,000,000",1,13,19,20,28,37,22,3
2013-11-30,1382,"$2,000,001",1,4,11,17,31,37,27,7
2013-11-23,1381,Rollover,14,26,28,30,37,40,23,1
2013-11-16,1380,"$1,000,000",4,8,9,18,25,28,5,4
2013-11-09,1379,"$1,000,000",6,9,18,28,30,39,11,8
2013-11-02,1378,"$1,000,000",1,5,12,15,21,29,4,5
2013-12-28,1386,"$1,000,000",6,15,16,18,20,34,9,8
2013-12-21,1385,"$1,000,000",4,7,12,19,20,25,15,3
2013-12-14,1384,"$1,000,000",5,15,20,32,33,39,17,10
2013-12-07,1383,"$1,000,000",3,11,21,25,26,31,17,4
2014-01-25,1390,"$1,000,000",10,26,28,37,38,39,13,1
2014-01-18,1389,"$1,000,000",14,18,23,29,35,37,11,6
2014-01-11,1388,"$1,000,000",10,12,22,30,31,39,2,2
2014-01-04,1387,"$1,000,000",12,14,16,24,26,37,6,5
2014-02-22,1394,"$1,000,000",9,22,24,27,34,40,23,6
2014-02-15,1393,"$1,000,000",8,9,17,19,24,28,10,3
2014-02-08,1392,"$1,000,000",16,17,20,35,37,39,7,9
2014-02-01,1391,"$1,000,000",15,20,27,30,38,39,14,10
2014-03-29,1399,"$2,000,000",4,10,13,19,21,24,31,6
2014-03-22,1398,Rollover,12,16,18,34,35,39,33,3
2014-03-15,1397,"$1,000,000",2,6,11,19,22,36,37,10
2014-03-08,1396,"$1,000,000",3,6,8,18,28,35,23,10
2014-03-01,1395,"$1,000,000",1,9,13,20,31,33,38,5
2014-04-26,1403,"$1,000,000",12,17,18,25,29,31,32,2
2014-04-19,1402,"$1,000,000",3,19,26,28,30,37,10,8
2014-04-12,1401,"$1,000,000",7,10,22,24,29,38,36,9
2014-04-05,1400,"$1,000,000",11,13,16,20,31,33,26,3
2014-05-31,1408,"$2,000,000",7,26,27,32,34,35,19,7
2014-05-24,1407,Rollover,10,14,16,22,24,35,6,8
2014-05-17,1406,"$1,000,000",6,19,23,26,36,40,31,10
2014-05-10,1405,"$1,000,000",3,4,5,9,24,35,13,10
2014-05-03,1404,"$1,000,000",11,20,22,34,36,38,31,6
2014-06-28,1412,"$1,000,000",1,2,3,14,36,38,15,1
2014-06-21,1411,"$1,000,000",2,3,14,17,18,35,7,7
2014-06-14,1410,"$1,000,000",4,8,11,20,39,40,9,7
2014-06-07,1409,"$1,000,000",2,4,7,27,32,33,5,3
2014-07-26,1416,"$1,000,000",13,14,27,31,38,40,6,2
2014-07-19,1415,"$3,000,000",6,8,11,16,29,33,28,7
2014-07-12,1414,Rollover,14,21,30,31,36,37,40,4
2014-07-05,1413,Rollover,2,9,10,12,18,23,7,2
2014-08-30,1421,"$1,000,000",10,15,17,19,35,39,37,6
2014-08-23,1420,"$1,000,000",4,16,20,25,29,37,27,10
2014-08-16,1419,"$1,000,000",2,10,24,26,29,33,28,9
2014-08-09,1418,"$2,000,000",7,14,17,18,25,30,33,10
2014-08-02,1417,Rollover,4,20,22,34,36,37,33,2
2014-09-27,1425,"$2,000,000",15,19,20,28,38,40,17,8
2014-09-20,1424,Rollover,3,22,26,30,33,37,10,2
2014-09-13,1423,"$1,000,000",5,7,14,19,21,27,23,1
2014-09-06,1422,"$1,000,000",3,4,14,17,35,38,21,1
2014-10-25,1429,"$1,000,000",2,9,19,28,31,35,7,4
2014-10-18,1428,"$1,000,000",2,15,27,32,36,40,37,8
2014-10-11,1427,"$1,000,000",4,10,20,24,25,39,40,10
2014-10-04,1426,"$1,000,000",2,11,17,19,26,28,34,10
2014-11-29,1434,"$1,000,000",1,2,5,23,28,39,19,4
2014-11-22,1433,"$1,000,000",3,17,23,28,34,37,10,3
2014-11-15,1432,"$1,000,000",16,23,27,28,34,40,2,4
2014-11-08,1431,"$2,000,000",9,24,25,35,36,39,32,2
2014-11-01,1430,Rollover,3,12,14,26,32,37,10,6
2014-12-27,1438,"$1,000,000",9,10,15,19,24,28,37,8
2014-12-20,1437,"$1,000,000",5,20,22,29,33,37,35,1
2014-12-13,1436,"$1,000,000",8,18,21,28,33,38,1,5
2014-12-06,1435,"$1,000,000",11,14,19,21,23,26,34,8
2015-01-31,1443,"$1,000,000",8,15,16,28,31,32,30,6
2015-01-24,1442,"$1,000,000",8,19,22,24,27,28,3,4
2015-01-17,1441,"$1,000,000",15,19,30,32,35,40,18,6
2015-01-10,1440,"$1,000,000",2,15,19,27,37,39,26,10
2015-01-03,1439,"$1,000,000",4,6,17,27,31,32,11,9
2015-02-28,1447,"$1,000,000",5,6,25,30,31,40,17,1
2015-02-21,1446,"$1,000,000",6,18,21,26,31,39,23,6
2015-02-14,1445,"$1,000,000",1,5,16,20,30,34,21,9
2015-02-07,1444,"$1,000,000",13,14,17,18,39,40,37,6
2015-03-28,1451,"$1,000,002",4,9,14,15,27,33,28,7
2015-03-21,1450,"$2,000,000",5,8,14,17,20,33,18,4
2015-03-14,1449,Rollover,12,13,18,26,34,40,37,6
2015-03-07,1448,"$1,000,000",1,2,6,24,26,30,15,3
2015-04-25,1455,"$1,000,000",10,14,15,20,25,37,4,7
2015-04-18,1454,"$1,000,000",6,15,18,21,23,37,10,9
2015-04-11,1453,"$1,000,000",3,4,19,21,26,33,20,4
2015-04-04,1452,"$1,000,000",1,2,7,9,17,32,15,8
2015-05-30,1460,"$3,000,000",8,10,14,17,33,34,9,10
2015-05-23,1459,Rollover,1,3,9,34,36,37,40,2
2015-05-16,1458,Rollover,1,3,5,31,32,38,17,2
2015-05-09,1457,"$1,000,000",9,22,25,32,33,35,14,10
2015-05-02,1456,"$1,000,000",8,13,27,32,36,37,24,7
2015-06-27,1464,"$1,000,000",8,9,13,18,25,33,22,3
2015-06-20,1463,"$1,000,000",15,18,21,36,37,40,38,6
2015-06-13,1462,"$1,000,000",9,12,17,20,35,38,34,6
2015-06-06,1461,"$1,000,000",1,10,19,29,32,37,16,5
2015-07-25,1468,"$2,000,000",9,15,18,22,36,39,34,5
2015-07-18,1467,Rollover,12,18,19,26,35,37,15,2
2015-07-11,1466,"$1,000,000",8,11,15,17,31,36,32,6
2015-07-04,1465,"$1,000,000",3,7,10,16,18,38,5,3
2015-08-29,1473,Rollover,3,17,31,34,37,39,5,4
2015-08-22,1472,Rollover,1,3,8,20,26,38,15,1
2015-08-15,1471,"$1,000,000",4,12,22,26,35,40,8,2
2015-08-08,1470,"$1,000,000",2,13,18,22,26,39,38,4
2015-08-01,1469,"$1,000,000",6,8,18,19,20,35,4,7
2015-09-26,1477,Rollover,1,18,22,23,26,34,13,5
2015-09-19,1476,"$1,000,000",1,14,15,27,33,39,25,3
2015-09-12,1475,"$1,000,002",16,17,19,24,34,35,3,1
2015-09-05,1474,"$3,000,000",1,11,19,31,35,40,2,6
2015-10-31,1486,"$1,000,000",4,9,20,24,26,37,7,8
2015-10-28,1485,Rollover,14,28,23,15,24,33,3,7
2015-10-24,1484,Rollover,7,12,20,31,34,39,14,5
2015-10-21,1483,"$1,000,000",2,12,13,16,23,31,15,5
2015-10-17,1482,"$1,000,000",1,6,12,24,26,34,33,3
2015-10-14,1481,"$1,000,000",9,15,19,21,26,30,11,5
2015-10-10,1480,Rollover,12,16,23,27,28,30,17,3
2015-10-07,1479,Rollover,3,7,14,23,28,31,18,10
2015-10-03,1478,"$2,000,000",1,17,22,23,26,38,29,8
2015-11-28,1494,"$1,000,000",7,13,17,19,27,29,4,4
2015-11-25,1493,"$1,000,000",12,24,25,27,36,39,2,7
2015-11-21,1492,"$1,000,000",6,15,19,31,35,40,23,3
2015-11-18,1491,"$1,000,000",17,18,19,20,22,40,13,7
2015-11-14,1490,"$1,000,000",3,5,9,10,15,40,24,2
2015-11-11,1489,Rollover,8,12,21,23,29,35,16,6
2015-11-07,1488,"$1,000,000",13,14,16,19,21,39,24,4
2015-11-04,1487,"$1,000,000",10,14,17,18,37,38,11,2
2015-12-30,1503,"$1,000,000",11,19,24,27,36,40,18,2
2015-12-26,1502,"$1,000,000",4,7,16,27,36,38,1,7
2015-12-23,1501,Rollover,1,2,7,13,23,28,10,6
2015-12-19,1500,"$1,000,000",13,14,17,18,20,31,16,1
2015-12-16,1499,"$1,000,000",4,5,14,18,19,21,26,4
2015-12-12,1498,"$1,000,000",1,16,23,25,27,33,3,6
2015-12-09,1497,Rollover,11,13,23,30,34,38,18,4
2015-12-05,1496,"$1,000,000",2,9,12,15,23,25,34,8
2015-12-02,1495,Rollover,5,14,15,18,21,27,4,8
2016-01-30,1512,"$1,000,000",10,14,21,28,29,37,30,5
2016-01-27,1511,"$1,000,000",6,7,11,13,32,34,30,1
2016-01-23,1510,"$1,000,000",2,7,14,16,17,25,20,10
2016-01-20,1509,"$1,000,000",4,12,17,24,28,34,16,10
2016-01-16,1508,"$1,000,000",5,26,33,34,38,40,24,2
2016-01-13,1507,"$1,000,000",3,15,22,28,35,39,29,3
2016-01-09,1506,"$1,000,000",3,8,21,30,31,37,24,8
2016-01-06,1505,"$1,000,000",9,13,27,28,29,40,1,4
2016-01-02,1504,Rollover,1,5,22,24,30,32,11,8
2016-02-27,1520,"$1,000,000",14,15,18,22,30,33,19,1
2016-02-24,1519,Rollover,2,5,17,19,20,29,24,5
2016-02-20,1518,"$1,000,000",5,11,20,22,31,33,24,6
2016-02-17,1517,Rollover,3,10,20,24,30,33,25,9
2016-02-13,1516,"$1,000,000",3,7,8,9,17,35,10,9
2016-02-10,1515,"$1,000,000",11,12,13,17,18,19,7,5
2016-02-06,1514,"$1,000,000",8,28,30,34,36,37,14,4
2016-02-03,1513,"$1,000,000",5,10,11,14,15,18,37,7
2016-03-30,1529,"$1,000,000",12,13,22,23,24,27,1,10
2016-03-26,1528,"$1,000,000",9,12,14,18,35,36,39,2
2016-03-23,1527,"$1,000,000",6,12,16,18,31,37,10,7
2016-03-19,1526,"$1,000,000",1,5,7,12,24,38,17,1
2016-03-16,1525,Rollover,8,9,18,23,37,39,11,5
2016-03-12,1524,"$1,000,000",7,9,12,15,21,25,8,2
2016-03-09,1523,"$1,000,000",9,15,16,17,18,28,21,4
2016-03-05,1522,Rollover,1,5,8,17,29,35,24,1
2016-03-02,1521,"$1,000,000",5,11,21,22,26,35,6,9
2016-04-30,1538,"$1,000,000",11,20,22,23,31,36,3,1
2016-04-27,1537,"$1,000,000",1,12,15,20,29,32,10,8
2016-04-23,1536,"$1,000,000",19,21,24,26,30,37,2,7
2016-04-20,1535,"$1,000,000",2,3,9,12,21,26,17,8
2016-04-16,1534,"$1,000,000",3,4,19,20,28,35,25,4
2016-04-13,1533,"$1,000,000",4,14,15,17,29,36,19,7
2016-04-09,1532,"$1,000,000",1,5,9,22,30,35,8,1
2016-04-06,1531,Rollover,7,22,27,28,36,40,9,10
2016-04-02,1530,"$1,000,000",7,10,13,21,28,31,30,3
2016-05-28,1546,"$1,000,000",6,9,29,32,33,40,5,1
2016-05-25,1545,"$1,000,000",13,19,29,30,32,40,31,2
2016-05-21,1544,"$1,000,000",8,11,24,26,27,37,39,8
2016-05-18,1543,Rollover,14,20,23,25,30,38,9,2
2016-05-14,1542,"$1,000,000",3,6,13,18,34,40,15,1
2016-05-11,1541,"$1,000,000",9,15,22,27,32,40,33,2
2016-05-07,1540,"$1,000,000",12,13,19,25,32,38,27,4
2016-05-04,1539,"$1,000,000",3,13,19,26,39,40,35,4
2016-06-29,1555,"$1,000,000",1,6,7,25,31,32,35,6
2016-06-25,1554,"$1,000,000",15,19,21,24,25,29,5,4
2016-06-22,1553,"$1,000,000",9,10,13,14,25,37,22,6
2016-06-18,1552,"$1,000,000",2,17,23,33,34,36,24,5
2016-06-15,1551,"$1,000,000",8,24,28,30,32,36,6,6
2016-06-11,1550,"$1,000,000",1,2,7,16,17,18,13,7
2016-06-08,1549,Rollover,16,21,24,32,39,40,1,1
2016-06-04,1548,"$1,000,000",7,19,20,32,33,35,8,4
2016-06-01,1547,Rollover,7,12,14,18,31,32,15,9
2016-07-30,1564,"$1,000,000",4,8,15,26,27,29,30,2
2016-07-27,1563,Rollover,3,7,18,20,22,30,31,6
2016-07-23,1562,"$1,000,000",5,6,9,21,25,33,24,1
2016-07-20,1561,Rollover,6,15,25,34,38,39,9,2
2016-07-16,1560,"$1,000,000",8,10,24,26,30,40,23,8
2016-07-13,1559,Rollover,4,14,16,17,22,32,18,2
2016-07-09,1558,"$1,000,000",3,18,27,29,33,37,36,7
2016-07-06,1557,"$1,000,000",1,6,12,14,29,30,32,9
2016-07-02,1556,"$1,000,000",5,6,13,20,28,39,12,3
2016-08-31,1573,"$1,000,000",16,21,28,31,33,37,32,7
2016-08-27,1572,"$1,000,000",4,6,7,9,15,25,34,9
2016-08-24,1571,"$1,000,000",14,15,17,32,38,39,40,3
2016-08-20,1570,"$1,000,000",11,19,27,28,29,36,32,10
2016-08-17,1569,Rollover,2,3,6,10,14,26,11,7
2016-08-13,1568,"$1,000,000",21,22,23,24,26,40,28,2
2016-08-10,1567,"$1,000,000",4,5,11,14,31,36,39,1
2016-08-06,1566,"$1,000,000",8,10,18,23,28,34,37,5
2016-08-03,1565,"$1,000,000",10,15,28,29,33,35,21,2
2016-09-28,1581,"$1,000,000",3,5,15,27,37,38,32,4
2016-09-24,1580,"$1,000,000",11,14,17,27,32,39,34,4
2016-09-21,1579,"$1,000,000",10,11,17,21,31,34,15,10
2016-09-17,1578,Rollover,6,16,22,25,34,40,37,4
2016-09-14,1577,"$1,000,000",3,8,14,18,23,40,13,2
2016-09-10,1576,"$1,000,000",5,10,11,15,18,38,6,1
2016-09-07,1575,"$1,000,000",7,22,29,32,36,39,18,5
2016-09-03,1574,"$1,000,000",18,24,25,27,32,34,7,4
2016-10-29,1590,"$1,000,000",15,19,22,23,30,36,31,9
2016-10-26,1589,"$1,000,000",3,4,6,11,28,29,32,7
2016-10-22,1588,"$1,000,000",17,19,20,21,26,35,4,7
2016-10-19,1587,"$1,000,000",9,18,20,21,28,30,15,6
2016-10-15,1586,"$1,000,000",8,15,20,29,35,39,21,5
2016-10-12,1585,"$1,000,000",1,5,11,12,14,15,35,7
2016-10-08,1584,"$1,000,000",2,19,22,23,28,29,17,10
2016-10-05,1583,"$1,000,000",11,12,24,30,36,37,6,7
2016-10-01,1582,"$1,000,000",7,11,16,23,26,30,27,1
2016-11-30,1599,"$1,000,000",11,26,29,32,33,37,9,1
2016-11-26,1598,"$1,000,000",17,19,23,29,31,36,13,9
2016-11-23,1597,"$1,000,000",1,2,6,7,30,40,36,10
2016-11-19,1596,"$1,000,000",10,13,17,20,23,28,9,7
2016-11-16,1595,"$1,000,000",4,7,11,17,32,37,13,3
2016-11-12,1594,"$1,000,000",4,13,27,32,33,38,35,2
2016-11-09,1593,"$1,000,005",1,3,21,22,29,30,5,6
2016-11-05,1592,"$1,000,000",3,11,16,24,38,40,35,7
2016-11-02,1591,"$1,000,000",2,9,13,25,29,36,11,6
2016-12-31,1608,"$1,000,000",6,8,11,16,21,34,12,9
2016-12-28,1607,"$1,000,000",17,19,22,28,35,36,11,6
2016-12-24,1606,"$1,000,000",3,6,9,25,26,28,31,4
2016-12-21,1605,"$1,000,000",1,5,13,26,30,32,27,5
2016-12-17,1604,"$1,000,000",2,12,22,24,26,31,8,5
2016-12-14,1603,"$1,000,000",10,12,21,24,29,40,19,1
2016-12-10,1602,"$1,000,002",14,19,24,33,35,36,27,9
2016-12-07,1601,Rollover,10,12,19,24,26,34,16,10
2016-12-03,1600,Rollover,5,6,10,15,28,37,29,9
2017-01-28,1616,"$1,000,000",6,8,9,10,17,19,37,4
2017-01-25,1615,"$1,000,000",1,14,22,27,34,36,5,3
2017-01-21,1614,"$1,000,000",3,7,13,20,30,34,19,3
2017-01-18,1613,"$1,000,000",8,13,14,21,25,31,6,4
2017-01-14,1612,"$1,000,000",1,2,11,31,32,38,27,5
2017-01-11,1611,"$1,000,000",9,13,22,29,32,40,16,5
2017-01-07,1610,"$1,000,000",8,16,23,30,37,38,28,6
2017-01-04,1609,"$1,000,000",4,13,16,25,26,27,1,1
2017-02-25,1624,"$1,000,000",25,27,33,34,37,39,18,4
2017-02-22,1623,"$1,000,000",6,14,19,30,34,36,12,3
2017-02-18,1622,"$1,000,000",6,10,14,24,28,35,30,7
2017-02-15,1621,"$1,000,000",3,5,28,29,32,36,20,1
2017-02-11,1620,"$1,000,000",11,15,17,23,30,35,29,10
2017-02-08,1619,Rollover,4,6,25,35,39,40,23,5
2017-02-04,1618,"$1,000,000",2,3,16,17,38,39,31,2
2017-02-01,1617,"$1,000,000",2,13,18,25,31,35,15,8
2017-03-29,1633,"$1,000,000",4,9,15,28,35,38,37,9
2017-03-25,1632,"$1,000,000",4,9,10,24,37,38,36,8
2017-03-22,1631,"$1,000,000",2,11,24,28,29,37,27,4
2017-03-18,1630,"$1,000,000",10,17,23,27,28,33,40,6
2017-03-15,1629,Rollover,1,5,23,32,38,40,18,2
2017-03-11,1628,"$1,000,000",9,11,12,22,32,36,20,9
2017-03-08,1627,Rollover,2,3,4,5,13,36,1,5
2017-03-04,1626,"$1,000,000",1,7,14,25,35,38,27,9
2017-03-01,1625,"$1,000,000",1,11,18,21,22,38,27,10
2017-04-29,1642,Rollover,1,19,25,30,32,36,23,9
2017-04-26,1641,"$1,000,000",12,16,17,25,38,39,7,6
2017-04-22,1640,"$1,000,000",1,9,16,26,33,36,22,2
2017-04-19,1639,"$1,000,000",1,2,11,26,28,34,8,9
2017-04-15,1638,"$1,000,000",2,14,15,24,27,29,39,8
2017-04-12,1637,"$1,000,000",2,13,23,26,27,32,22,3
2017-04-08,1636,"$1,000,000",20,23,30,32,35,39,38,10
2017-04-05,1635,"$1,000,000",1,2,9,11,26,36,21,10
2017-04-01,1634,"$1,000,000",2,19,20,22,25,33,34,8
2017-05-31,1651,Rollover,1,2,5,9,12,36,22,6
2017-05-27,1650,"$1,000,000",2,3,8,9,28,36,18,10
2017-05-24,1649,"$1,000,000",9,17,19,20,32,38,7,4
2017-05-20,1648,"$1,000,000",1,6,14,16,20,31,19,2
2017-05-17,1647,"$1,000,000",9,10,11,12,28,30,16,8
2017-05-13,1646,"$1,000,000",2,3,7,26,31,37,4,5
2017-05-10,1645,Rollover,1,3,4,9,15,33,38,6
2017-05-06,1644,"$1,000,000",4,5,11,23,26,34,32,2
2017-05-03,1643,"$1,000,000",10,11,16,19,24,36,18,3
2017-06-28,1659,Rollover,1,10,18,26,27,40,6,5
2017-06-24,1658,Rollover,11,25,29,34,39,40,10,8
2017-06-21,1657,Rollover,3,17,29,32,36,40,24,9
2017-06-17,1656,"$1,000,000",3,5,6,7,33,37,20,9
2017-06-14,1655,"$1,000,000",3,6,7,13,36,40,35,6
2017-06-10,1654,"$1,000,000",1,7,9,31,35,37,20,9
2017-06-07,1653,"$1,000,000",7,9,16,24,26,39,22,1
2017-06-03,1652,"$1,000,000",13,14,18,23,29,31,2,1
2017-07-29,1668,"$1,000,000",10,13,24,29,33,40,4,9
2017-07-26,1667,"$1,000,000",4,5,12,21,34,40,17,9
2017-07-22,1666,"$1,000,000",2,13,19,25,35,36,6,5
2017-07-19,1665,Rollover,13,14,26,34,35,36,37,3
2017-07-15,1664,"$1,000,000",17,18,21,34,37,40,12,1
2017-07-12,1663,"$1,000,000",5,18,21,26,30,32,1,9
2017-07-08,1662,"$1,000,000",9,10,13,23,25,30,34,9
2017-07-05,1661,"$1,000,000",9,11,19,27,31,39,20,6
2017-07-01,1660,"$1,000,000",4,8,10,12,21,35,1,5
2017-08-30,1677,"$1,000,000",9,12,14,16,17,27,2,6
2017-08-26,1676,"$1,000,000",4,6,11,29,33,35,31,8
2017-08-23,1675,"$1,000,000",4,7,10,25,26,39,13,4
2017-08-19,1674,Rollover,4,17,22,27,28,32,18,8
2017-08-16,1673,"$1,000,000",8,10,14,18,23,32,22,10
2017-08-12,1672,Rollover,2,14,21,23,30,31,36,9
2017-08-09,1671,"$1,000,000",4,7,12,19,32,37,11,9
2017-08-05,1670,"$1,000,000",16,22,29,30,31,35,17,10
2017-08-02,1669,"$1,000,000",1,2,6,8,26,28,29,3
2017-09-30,1686,"$1,000,000",4,16,24,25,32,34,14,2
2017-09-27,1685,Rollover,1,12,15,22,27,34,13,5
2017-09-23,1684,"$1,000,000",6,7,15,19,31,35,11,4
2017-09-20,1683,"$1,000,000",10,16,20,33,35,36,15,9
2017-09-16,1682,"$1,000,000",3,9,15,20,24,37,16,1
2017-09-13,1681,"$1,000,000",10,18,19,21,25,35,38,7
2017-09-09,1680,"$1,000,000",10,13,16,23,29,36,30,9
2017-09-06,1679,"$1,000,000",3,7,25,27,28,30,40,9
2017-09-02,1678,"$1,000,000",10,20,21,22,30,37,39,4
2017-10-28,1694,"$1,000,000",1,9,10,12,23,37,13,5
2017-10-25,1693,Rollover,1,3,19,22,23,25,31,8
2017-10-21,1692,"$1,000,000",5,13,15,22,24,29,38,8
2017-10-18,1691,"$1,000,000",11,13,14,15,22,32,3,7
2017-10-14,1690,"$1,000,000",3,4,7,11,31,38,25,5
2017-10-11,1689,"$1,000,000",4,15,24,29,33,35,3,2
2017-10-07,1688,Rollover,1,12,20,23,25,35,3,1
2017-10-04,1687,"$1,000,000",2,3,5,21,33,37,24,4
2017-11-29,1703,"$1,000,000",5,9,14,17,24,31,8,2
2017-11-25,1702,"$1,000,000",7,22,24,25,34,37,19,7
2017-11-22,1701,"$1,000,002",5,8,12,18,28,36,40,5
2017-11-18,1700,"$1,000,000",11,12,20,28,31,36,34,2
2017-11-15,1699,"$1,000,000",2,7,16,26,32,33,12,5
2017-11-11,1698,"$1,000,002",3,14,18,26,38,39,40,9
2017-11-08,1697,"$1,000,000",8,13,15,17,25,27,38,5
2017-11-04,1696,"$1,000,000",3,5,12,25,28,40,34,10
2017-11-01,1695,"$1,000,000",3,17,19,23,29,39,18,1
2017-12-30,1712,"$1,000,002",1,3,12,20,21,32,13,5
2017-12-27,1711,"$1,000,000",3,15,16,22,28,30,5,4
2017-12-23,1710,"$1,000,000",15,17,19,25,29,38,7,4
2017-12-20,1709,"$1,000,000",1,3,12,14,17,33,40,2
2017-12-16,1708,"$1,000,000",11,19,23,28,30,33,16,3
2017-12-13,1707,Rollover,6,10,11,34,37,39,30,7
2017-12-09,1706,"$1,000,002",4,5,8,15,16,22,25,3
2017-12-06,1705,"$1,000,000",3,7,16,19,21,40,27,5
2017-12-02,1704,"$1,000,000",2,14,15,21,23,32,18,4
2018-01-31,1721,"$1,000,000",5,10,11,16,31,39,28,5
2018-01-27,1720,"$1,000,000",6,8,23,26,29,37,17,7
2018-01-24,1719,Rollover,1,16,20,24,25,28,22,6
2018-01-20,1718,"$1,000,000",1,12,17,20,26,39,7,1
2018-01-17,1717,"$1,000,000",3,15,18,19,22,23,20,2
2018-01-13,1716,"$1,000,000",11,18,29,33,37,39,2,10
2018-01-10,1715,"$1,000,000",1,2,4,8,16,26,39,10
2018-01-06,1714,"$1,000,000",10,13,15,19,33,40,32,1
2018-01-03,1713,Rollover,8,20,21,34,35,38,12,3
2018-02-28,1729,"$1,000,000",3,10,16,18,20,40,35,2
2018-02-24,1728,"$1,000,000",2,16,19,25,32,40,36,2
2018-02-21,1727,"$1,000,000",3,9,11,17,25,31,10,3
2018-02-17,1726,"$1,000,000",29,30,31,35,36,37,19,5
2018-02-14,1725,"$1,000,000",14,23,26,35,36,37,30,6
2018-02-10,1724,"$1,000,000",2,4,5,22,30,33,16,7
2018-02-07,1723,Rollover,11,17,25,29,34,39,1,5
2018-02-03,1722,"$1,000,000",2,11,15,29,30,38,36,7
2018-03-31,1738,"$1,000,002",2,4,6,11,16,23,40,9
2018-03-28,1737,"$1,000,000",1,12,28,34,36,37,40,7
2018-03-24,1736,"$1,000,000",12,15,18,21,22,37,32,5
2018-03-21,1735,"$1,000,000",9,13,14,29,35,38,27,1
2018-03-17,1734,"$1,000,000",15,16,19,24,25,40,31,4
2018-03-14,1733,"$1,000,000",17,18,19,20,24,28,30,3
2018-03-10,1732,"$1,000,000",1,12,14,34,37,40,22,10
2018-03-07,1731,Rollover,3,15,23,25,29,34,1,6
2018-03-03,1730,"$1,000,000",2,12,19,34,35,38,3,9
2018-04-28,1746,"$1,000,000",4,5,11,16,36,40,2,4
2018-04-25,1745,"$1,000,000",3,7,15,23,27,36,11,3
2018-04-21,1744,"$1,000,000",2,9,10,15,27,32,18,3
2018-04-18,1743,"$1,000,000",1,19,20,24,35,39,12,6
2018-04-14,1742,"$1,000,000",3,14,21,25,34,35,23,10
2018-04-11,1741,"$1,000,000",7,16,21,33,34,40,9,4
2018-04-07,1740,"$1,000,000",1,10,13,17,19,23,32,3
2018-04-04,1739,"$1,000,000",1,13,14,15,22,38,32,3
2018-05-30,1755,"$1,000,000",14,18,22,28,29,34,12,10
2018-05-26,1754,"$1,000,000",2,13,17,18,36,37,40,9
2018-05-23,1753,Rollover,1,14,21,23,38,39,7,5
2018-05-19,1752,"$1,000,000",3,6,13,25,31,37,34,5
2018-05-16,1751,"$1,000,000",1,13,14,16,28,29,37,2
2018-05-12,1750,"$1,000,000",4,10,12,33,38,40,27,1
2018-05-09,1749,"$1,000,000",19,20,21,23,25,40,6,6
2018-05-05,1748,"$1,000,000",6,11,16,20,34,40,19,9
2018-05-02,1747,"$1,000,000",2,7,8,25,28,29,11,7
2018-06-30,1764,"$1,000,002",12,16,23,29,31,39,25,1
2018-06-27,1763,"$1,000,000",2,19,22,24,27,34,21,2
2018-06-23,1762,"$1,000,002",4,15,17,18,30,39,31,4
2018-06-20,1761,Rollover,1,4,6,26,27,33,19,9
2018-06-16,1760,Rollover,7,8,14,17,22,34,3,10
2018-06-13,1759,"$1,000,000",9,10,12,18,36,37,1,4
2018-06-09,1758,"$1,000,000",2,3,4,9,20,24,30,9
2018-06-06,1757,"$1,000,000",9,16,23,25,31,32,37,7
2018-06-02,1756,"$1,000,000",5,7,8,12,14,29,10,7
2018-07-28,1772,"$1,000,000",4,10,14,17,21,23,35,1
2018-07-25,1771,"$1,000,000",10,16,18,19,28,35,9,9
2018-07-21,1770,"$1,000,000",1,8,10,12,31,34,20,6
2018-07-18,1769,"$1,000,000",2,5,13,24,33,39,1,6
2018-07-14,1768,"$1,000,000",5,14,17,18,19,33,10,9
2018-07-11,1767,"$1,000,000",15,18,20,22,23,35,4,6
2018-07-07,1766,"$1,000,000",10,15,18,29,30,33,27,9
2018-07-04,1765,"$1,000,000",6,13,21,30,35,38,25,2
2018-08-29,1781,"$1,000,000",2,7,8,12,21,32,10,7
2018-08-25,1780,"$1,000,000",3,4,8,9,13,15,11,6
2018-08-22,1779,"$1,000,000",2,5,10,15,25,28,33,7
2018-08-18,1778,"$1,000,000",7,9,13,23,27,38,20,3
2018-08-15,1777,"$1,000,000",4,12,18,27,33,35,19,8
2018-08-11,1776,"$1,000,000",3,19,25,30,32,38,37,2
2018-08-08,1775,Rollover,14,17,18,20,25,37,24,5
2018-08-04,1774,"$1,000,000",5,16,22,29,32,37,27,10
2018-08-01,1773,Rollover,4,5,21,22,31,34,17,8
2018-09-29,1790,"$1,000,000",15,19,24,29,32,35,30,4
2018-09-26,1789,Rollover,22,23,26,32,36,40,35,1
2018-09-22,1788,Rollover,3,22,25,35,36,38,7,2
2018-09-19,1787,"$1,000,000",3,5,7,9,11,13,36,7
2018-09-15,1786,"$1,000,000",2,7,8,12,15,17,19,2
2018-09-12,1785,"$1,000,000",1,3,8,11,19,36,37,7
2018-09-08,1784,"$1,000,000",18,20,22,24,29,35,17,2
2018-09-05,1783,Rollover,4,12,13,30,33,35,37,6
2018-09-01,1782,"$1,000,000",1,8,18,21,34,36,15,10
2018-10-31,1799,Rollover,10,11,14,15,16,32,37,8
2018-10-27,1798,Rollover,10,12,15,17,18,34,23,2
2018-10-24,1797,"$1,000,000",9,19,24,33,37,39,10,8
2018-10-20,1796,"$1,000,000",4,12,26,28,32,35,21,1
2018-10-17,1795,"$1,000,000",5,10,17,21,26,33,25,7
2018-10-13,1794,"$1,000,000",1,4,5,9,26,34,29,5
2018-10-10,1793,Rollover,2,4,9,12,13,37,16,9
2018-10-06,1792,"$1,000,000",8,13,24,26,29,39,19,2
2018-10-03,1791,"$1,000,000",1,16,28,32,39,40,27,2
2018-11-28,1807,"$1,000,000",18,19,20,30,31,38,24,7
2018-11-24,1806,"$1,000,000",8,21,22,24,25,34,37,5
2018-11-21,1805,"$1,000,000",7,8,22,25,32,40,31,5
2018-11-17,1804,"$1,000,000",3,14,25,27,30,34,18,7
2018-11-14,1803,Rollover,6,8,20,24,27,31,1,4
2018-11-10,1802,"$1,000,000",4,9,10,20,27,30,8,6
2018-11-07,1801,Rollover,1,12,15,22,39,40,7,10
2018-11-03,1800,"$1,000,000",1,7,22,23,29,36,18,2
2018-12-29,1816,"$1,000,000",2,10,11,15,33,35,5,8
2018-12-26,1815,"$1,000,000",3,24,29,30,32,40,20,1
2018-12-22,1814,"$1,000,000",10,15,25,27,28,31,38,3
2018-12-19,1813,"$1,000,000",2,14,22,23,30,37,35,2
2018-12-15,1812,"$1,000,000",5,7,18,22,29,40,25,6
2018-12-12,1811,"$1,000,000",3,20,29,30,32,37,11,3
2018-12-08,1810,"$1,000,000",2,8,12,16,18,38,33,10
2018-12-05,1809,Rollover,1,5,18,23,24,25,14,9
2018-12-01,1808,"$1,000,000",6,25,26,30,34,39,10,3
2019-01-30,1825,"$1,000,000",2,17,22,25,38,40,8,9
2019-01-26,1824,"$1,000,000",13,19,27,31,35,37,2,6
2019-01-23,1823,"$1,000,000",3,10,11,13,31,40,35,7
2019-01-19,1822,Rollover,1,12,17,24,32,33,31,5
2019-01-16,1821,Rollover,3,8,21,22,30,35,37,1
2019-01-12,1820,Rollover,4,6,18,19,24,40,27,6
2019-01-09,1819,"$1,000,000",4,6,11,12,23,40,10,6
2019-01-05,1818,"$1,000,000",2,4,20,23,24,34,31,2
2019-01-02,1817,"$1,000,000",11,15,22,31,35,39,16,3
2019-02-27,1833,"$1,000,000",1,9,31,32,36,38,8,1
2019-02-23,1832,"$1,000,000",13,31,33,36,38,40,34,9
2019-02-20,1831,"$1,000,000",1,7,20,22,23,28,39,4
2019-02-16,1830,"$1,000,000",1,2,27,35,36,40,3,4
2019-02-13,1829,"$1,000,000",2,5,6,26,27,31,16,2
2019-02-09,1828,"$1,000,000",1,4,24,25,26,37,9,7
2019-02-06,1827,"$1,000,000",6,8,14,15,26,31,34,10
2019-02-02,1826,"$1,000,000",9,17,19,20,29,33,14,2
2019-03-30,1842,"$1,000,000",2,3,9,13,18,21,33,1
2019-03-27,1841,"$1,000,000",5,7,10,13,17,37,25,5
2019-03-23,1840,Rollover,10,21,23,24,27,36,16,3
2019-03-20,1839,"$1,000,000",10,12,21,23,30,33,6,7
2019-03-16,1838,"$1,000,000",3,11,18,21,32,37,20,5
2019-03-13,1837,"$1,000,000",7,8,14,23,31,39,25,6
2019-03-09,1836,Rollover,7,20,25,28,32,34,36,8
2019-03-06,1835,"$1,000,000",4,7,16,21,32,36,15,4
2019-03-02,1834,"$1,000,000",8,9,12,14,15,19,24,1
2019-04-27,1850,"$1,000,000",4,8,22,24,29,37,35,2
2019-04-24,1849,"$1,000,000",16,19,20,31,35,38,23,1
2019-04-20,1848,"$1,000,000",1,10,21,32,37,39,19,2
2019-04-17,1847,"$1,000,000",9,18,21,27,34,35,11,10
2019-04-13,1846,"$1,000,000",1,8,10,18,26,28,31,2
2019-04-10,1845,Rollover,17,22,31,32,33,40,6,5
2019-04-06,1844,"$1,000,000",10,11,14,22,28,40,12,8
2019-04-03,1843,"$1,000,000",7,10,12,30,35,38,24,6
2019-05-29,1859,"$1,000,000",8,10,20,26,30,40,5,2
2019-05-25,1858,"$1,000,000",2,10,23,30,35,37,21,4
2019-05-22,1857,"$1,000,000",2,3,12,14,16,28,7,7
2019-05-18,1856,Rollover,9,10,12,20,24,25,7,1
2019-05-15,1855,"$1,000,000",5,13,14,21,27,37,22,6
2019-05-11,1854,"$1,000,000",2,3,16,19,20,39,32,3
2019-05-08,1853,"$1,000,000",7,8,9,11,19,28,38,3
2019-05-04,1852,"$1,000,000",4,27,29,34,36,37,10,8
2019-05-01,1851,"$1,000,000",7,16,17,32,37,38,9,2
2019-06-29,1868,"$1,000,000",7,10,18,19,20,37,29,7
2019-06-26,1867,Rollover,15,29,30,32,38,39,28,2
2019-06-22,1866,Rollover,7,10,12,14,26,37,40,8
2019-06-19,1865,Rollover,4,11,19,30,31,33,7,5
2019-06-15,1864,"$1,000,000",6,15,25,27,28,35,4,5
2019-06-12,1863,"$1,000,000",2,6,7,8,23,39,32,2
2019-06-08,1862,"$1,000,000",6,10,22,25,27,36,17,10
2019-06-05,1861,Rollover,5,17,26,27,28,39,33,1
2019-06-01,1860,"$1,000,000",1,19,22,30,33,37,11,6
2019-07-31,1877,Rollover,4,10,16,22,25,40,35,2
2019-07-27,1876,"$1,000,000",1,4,6,17,19,21,30,5
2019-07-24,1875,Rollover,6,22,23,25,27,32,8,6
2019-07-20,1874,"$1,000,000",4,5,13,22,24,28,6,6
2019-07-17,1873,Rollover,1,10,16,18,26,27,30,8
2019-07-13,1872,"$1,000,000",7,10,16,28,33,36,34,4
2019-07-10,1871,"$1,000,000",5,12,28,33,35,38,37,7
2019-07-06,1870,"$1,000,000",2,5,17,31,33,37,40,5
2019-07-03,1869,"$1,000,000",1,15,22,31,38,39,5,4
2019-08-31,1886,"$1,000,000",2,4,5,24,30,37,33,9
2019-08-28,1885,Rollover,4,15,19,23,24,25,21,3
2019-08-24,1884,Rollover,2,4,6,17,22,35,21,8
2019-08-21,1883,"$1,000,000",6,8,15,17,21,23,29,2
2019-08-17,1882,"$1,000,000",1,6,10,12,29,32,19,2
2019-08-14,1881,"$1,000,000",15,19,23,31,35,40,8,2
2019-08-10,1880,Rollover,8,12,17,23,31,34,40,8
2019-08-07,1879,Rollover,3,7,11,24,25,40,35,6
2019-08-03,1878,"$1,000,000",7,17,30,31,34,39,25,9
2019-09-28,1894,"$1,000,000",5,13,15,36,37,39,14,2
2019-09-25,1893,"$1,000,000",3,5,15,21,22,31,9,3
2019-09-21,1892,"$1,000,002",7,14,19,23,32,34,2,3
2019-09-18,1891,"$1,000,000",7,11,19,21,26,36,17,10
2019-09-14,1890,"$1,000,000",6,13,15,22,26,34,12,4
2019-09-11,1889,Rollover,7,8,13,24,32,38,17,9
2019-09-07,1888,"$1,000,000",1,7,20,29,31,38,32,2
2019-09-04,1887,"$1,000,000",4,6,20,22,30,39,38,3
2019-10-30,1903,Rollover,5,7,10,11,36,39,20,4
2019-10-26,1902,"$1,000,000",8,12,16,19,20,24,18,10
2019-10-23,1901,"$1,000,000",2,3,20,24,26,39,22,7
2019-10-19,1900,"$1,000,000",6,12,21,28,35,38,8,6
2019-10-16,1899,"$1,000,000",5,7,14,17,22,29,9,2
2019-10-12,1898,"$1,000,002",19,23,25,27,30,40,37,1
2019-10-09,1897,"$1,000,000",5,15,22,27,29,38,13,3
2019-10-05,1896,"$1,000,002",8,9,16,20,33,36,17,5
2019-10-02,1895,"$1,000,000",3,4,6,22,25,32,13,1
2019-11-30,1912,"$1,000,000",12,18,26,33,35,39,28,5
2019-11-27,1911,Rollover,1,4,9,22,26,28,23,7
2019-11-23,1910,"$1,000,000",16,17,20,22,28,29,6,5
2019-11-20,1909,"$1,000,000",1,2,11,17,30,35,7,10
2019-11-16,1908,"$1,000,000",13,18,19,32,33,39,2,6
2019-11-13,1907,"$1,000,000",2,9,10,17,22,31,18,6
2019-11-09,1906,"$1,000,000",6,7,11,23,29,37,20,6
2019-11-06,1905,"$1,000,000",1,7,9,10,15,19,26,2
2019-11-02,1904,"$1,000,000",13,16,21,23,27,35,26,10
2019-12-28,1920,"$1,000,002",6,10,16,24,28,34,38,2
2019-12-25,1919,"$1,000,000",6,13,15,16,35,38,33,3
2019-12-21,1918,"$1,000,000",7,9,14,18,20,34,8,5
2019-12-18,1917,"$1,000,000",6,19,21,24,32,34,30,2
2019-12-14,1916,"$1,000,000",19,21,23,34,35,39,26,5
2019-12-11,1915,Rollover,2,7,11,16,28,39,5,7
2019-12-07,1914,Rollover,6,9,23,25,26,27,39,8
2019-12-04,1913,"$1,000,000",1,8,15,16,22,30,19,8
2020-01-29,1929,"$1,000,000",10,21,26,27,28,31,24,6
2020-01-25,1928,Rollover,10,11,19,24,28,34,29,9
2020-01-22,1927,"$1,000,000",1,14,29,35,36,39,5,5
2020-01-18,1926,"$1,000,000",1,5,20,24,34,37,26,2
2020-01-15,1925,"$1,000,000",4,6,21,29,32,35,2,7
2020-01-11,1924,"$1,000,000",9,13,16,26,33,40,32,3
2020-01-08,1923,"$1,000,000",2,4,6,23,24,25,38,6
2020-01-04,1922,"$1,000,000",6,7,12,17,24,33,23,2
2020-01-01,1921,"$1,000,000",14,23,33,34,38,40,10,8
2020-02-29,1938,"$1,000,000",4,18,25,27,28,32,37,3
2020-02-26,1937,"$1,000,002",2,3,8,21,30,33,13,6
2020-02-22,1936,"$1,000,000",8,15,22,36,39,40,31,10
2020-02-19,1935,"$1,000,000",12,16,24,25,31,35,1,9
2020-02-15,1934,"$1,000,000",2,4,10,17,29,31,5,1
2020-02-12,1933,Rollover,2,11,20,21,25,32,7,3
2020-02-08,1932,"$1,000,000",12,13,14,15,24,38,35,10
2020-02-05,1931,"$1,000,000",2,3,6,15,31,40,30,1
2020-02-01,1930,Rollover,16,20,22,24,30,32,6,7
2020-03-28,1946,Rollover,2,3,19,35,37,39,23,10
2020-03-25,1945,Rollover,7,8,10,17,21,27,29,7
2020-03-21,1944,Rollover,9,16,18,19,20,28,7,5
2020-03-18,1943,"$1,000,000",2,12,18,20,28,36,32,10
2020-03-14,1942,"$1,000,000",9,13,22,23,25,36,37,2
2020-03-11,1941,"$1,000,000",8,13,21,22,29,40,37,1
2020-03-07,1940,Rollover,7,14,20,23,26,39,12,2
2020-03-04,1939,"$1,000,000",5,14,30,36,39,40,7,10
2020-04-29,1955,Rollover,11,16,23,24,29,33,20,3
2020-04-25,1954,Rollover,5,12,19,22,25,38,32,8
2020-04-22,1953,"$1,000,000",5,7,8,16,31,33,20,8
2020-04-18,1952,"$1,000,000",1,4,6,8,11,19,34,1
2020-04-15,1951,Rollover,3,15,17,22,26,29,18,5
2020-04-11,1950,Rollover,8,17,23,25,27,28,7,3
2020-04-08,1949,Rollover,5,11,20,25,26,40,16,2
2020-04-04,1948,"$1,000,000",6,10,11,13,20,30,31,2
2020-04-01,1947,"$1,000,000",8,21,25,28,32,35,18,3
2020-05-30,1964,"$1,000,000",2,4,12,13,15,28,5,10
2020-05-27,1963,"$1,000,000",1,9,20,29,31,34,25,1
2020-05-23,1962,"$1,000,000",10,12,14,28,32,35,29,8
2020-05-20,1961,"$1,000,000",8,19,32,36,38,39,29,2
2020-05-16,1960,"$1,000,000",10,15,20,26,31,34,5,1
2020-05-13,1959,"$1,000,000",5,6,18,20,29,33,7,9
2020-05-09,1958,"$1,000,000",7,15,22,27,29,38,33,10
2020-05-06,1957,"$1,000,000",1,9,12,23,36,39,13,6
2020-05-02,1956,"$1,000,000",6,7,9,22,24,38,39,4
2020-06-27,1972,"$1,000,000",4,8,20,29,31,35,19,4
2020-06-24,1971,"$1,000,000",4,29,34,35,39,40,12,5
2020-06-20,1970,"$1,000,000",2,3,10,11,29,35,23,8
2020-06-17,1969,"$1,000,000",2,24,32,35,36,38,40,6
2020-06-13,1968,"$1,000,000",2,8,17,18,27,29,15,3
2020-06-10,1967,"$1,000,002",6,11,12,15,17,22,39,8
2020-06-06,1966,Rollover,6,10,11,12,25,39,5,6
2020-06-03,1965,"$1,000,000",2,29,30,33,35,40,21,5
2020-07-29,1981,"$1,000,000",6,21,28,36,37,40,17,8
2020-07-25,1980,"$1,000,000",10,11,12,28,38,40,33,3
2020-07-22,1979,"$1,000,000",4,10,18,20,30,40,25,7
2020-07-18,1978,"$1,000,000",1,9,10,16,22,23,33,10
2020-07-15,1977,Rollover,10,11,16,19,29,34,24,4
2020-07-11,1976,"$1,000,000",8,16,18,21,29,40,2,8
2020-07-08,1975,Rollover,14,15,24,31,32,37,17,5
2020-07-04,1974,"$1,000,000",2,6,7,23,25,30,39,5
2020-07-01,1973,Rollover,1,15,22,25,35,39,13,4
2020-08-29,1990,"$1,000,000",8,14,19,20,23,37,16,6
2020-08-26,1989,"$1,000,000",7,13,15,18,32,40,29,8
2020-08-22,1988,"$1,000,000",20,24,26,36,37,39,4,4
2020-08-19,1987,"$1,000,000",13,25,26,30,31,37,15,9
2020-08-15,1986,"$1,000,000",8,12,21,22,23,27,16,1
2020-08-12,1985,"$1,000,000",10,16,25,29,32,34,40,4
2020-08-08,1984,"$1,000,000",4,7,11,16,23,28,36,5
2020-08-05,1983,"$1,000,002",5,9,19,20,22,24,6,4
2020-08-01,1982,"$1,000,000",7,16,22,24,31,34,20,2
2020-09-30,1999,"$1,000,000",12,16,25,29,35,39,33,1
2020-09-26,1998,Rollover,1,3,9,11,23,37,12,3
2020-09-23,1997,"$1,000,000",1,4,11,17,18,24,5,2
2020-09-19,1996,"$1,000,000",6,7,17,26,34,40,11,4
2020-09-16,1995,"$1,000,000",11,17,18,25,29,37,22,8
2020-09-12,1994,"$1,000,000",1,3,17,23,32,35,18,1
2020-09-09,1993,"$1,000,000",1,5,15,21,24,36,13,5
2020-09-05,1992,"$1,000,000",5,10,14,18,24,30,9,5
2020-09-02,1991,"$1,000,000",8,15,17,19,20,27,11,9
2020-10-31,2008,"$1,000,000",3,19,22,26,28,39,32,4
2020-10-28,2007,"$1,000,000",12,17,28,35,37,40,39,1
2020-10-24,2006,"$1,000,000",11,12,13,19,22,36,2,6
2020-10-21,2005,Rollover,1,6,18,26,38,40,7,9
2020-10-17,2004,"$1,000,000",14,19,20,22,23,40,26,7
2020-10-14,2003,"$1,000,000",1,5,16,21,31,34,40,4
2020-10-10,2002,"$1,000,000",1,5,20,31,32,33,13,7
2020-10-07,2001,Rollover,6,19,23,29,39,40,26,8
2020-10-03,2000,"$1,000,000",2,9,23,30,32,39,3,7
2020-11-28,2016,"$1,000,000",3,10,13,22,27,37,33,1
2020-11-25,2015,"$1,000,000",2,3,14,29,30,35,9,9
2020-11-21,2014,"$1,000,000",5,6,7,15,19,36,37,8
2020-11-18,2013,"$1,000,000",21,23,24,27,30,38,36,8
2020-11-14,2012,"$1,000,000",10,23,26,29,39,40,15,6
2020-11-11,2011,"$1,000,000",3,4,13,17,26,35,2,4
2020-11-07,2010,"$1,000,000",1,14,16,20,24,31,10,4
2020-11-04,2009,Rollover,5,12,21,22,25,39,37,5
2020-12-30,2025,"$1,000,000",2,5,9,24,26,28,25,10
2020-12-26,2024,"$1,000,000",1,7,11,16,21,38,2,5
2020-12-23,2023,"$1,000,000",19,25,26,27,34,38,11,8
2020-12-19,2022,"$1,000,000",5,16,31,37,39,40,7,8
2020-12-16,2021,"$1,000,000",2,10,12,17,19,26,29,3
2020-12-12,2020,"$1,000,000",1,5,9,18,21,35,16,3
2020-12-09,2019,"$1,000,000",17,20,22,27,29,34,6,9
2020-12-05,2018,"$1,000,000",1,4,10,14,15,20,8,7
2020-12-02,2017,Rollover,2,4,6,25,30,40,12,8
2021-01-30,2034,Rollover,1,11,18,20,29,34,28,4
2021-01-27,2033,"$1,000,000",10,15,17,23,28,29,26,9
2021-01-23,2032,"$1,000,000",4,6,16,20,30,40,18,8
2021-01-20,2031,"$1,000,000",5,6,9,11,17,38,7,7
2021-01-16,2030,"$1,000,000",2,13,17,18,19,30,38,3
2021-01-13,2029,"$1,000,000",17,25,26,35,37,38,31,4
2021-01-09,2028,"$1,000,000",11,14,17,28,30,34,10,9
2021-01-06,2027,"$1,000,000",1,6,16,18,23,32,3,5
2021-01-02,2026,"$1,000,000",4,15,20,29,36,39,40,8
2021-02-27,2042,"$1,000,000",15,23,26,32,38,40,13,3
2021-02-24,2041,"$1,000,000",7,24,26,31,36,38,40,5
2021-02-20,2040,"$1,000,000",7,10,16,19,29,30,11,8
2021-02-17,2039,"$1,000,000",15,16,25,26,31,33,12,1
2021-02-13,2038,"$1,000,000",1,8,16,18,20,27,13,9
2021-02-10,2037,"$1,000,000",8,19,20,24,26,40,2,4
2021-02-06,2036,"$1,000,000",2,3,8,10,11,38,35,5
2021-02-03,2035,"$1,000,000",1,19,24,26,32,37,17,7
2021-03-31,2051,"$1,000,000",9,10,11,33,34,35,3,10
2021-03-27,2050,Rollover,6,25,31,32,33,34,39,6
2021-03-24,2049,"$1,000,000",2,13,17,20,27,33,35,8
2021-03-20,2048,"$1,000,000",1,11,17,23,31,40,14,5
2021-03-17,2047,Rollover,3,4,10,15,20,33,28,4
2021-03-13,2046,"$1,000,000",1,7,11,19,22,26,27,2
2021-03-10,2045,"$1,000,000",3,6,11,15,17,22,25,10
2021-03-06,2044,"$1,000,000",1,6,11,17,18,35,15,9
2021-03-03,2043,"$1,000,000",3,9,20,22,26,39,31,9
2021-04-28,2059,"$1,000,000",6,7,18,23,35,40,17,10
2021-04-24,2058,Rollover,4,5,21,26,31,36,38,2
2021-04-21,2057,Rollover,1,18,23,33,37,38,34,7
2021-04-17,2056,"$1,000,000",1,8,22,24,35,40,6,5
2021-04-14,2055,"$1,000,000",1,9,12,16,21,23,6,5
2021-04-10,2054,"$1,000,000",6,23,24,28,30,35,20,10
2021-04-07,2053,"$1,000,000",6,10,15,22,29,31,38,2
2021-04-03,2052,"$1,000,000",8,15,16,21,25,34,19,8
2021-05-29,2068,"$1,000,000",2,10,16,31,35,38,40,5
2021-05-26,2067,"$1,000,000",7,13,16,30,31,39,21,9
2021-05-22,2066,Rollover,19,21,23,36,38,39,40,9
2021-05-19,2065,Rollover,1,11,16,22,30,34,18,9
2021-05-15,2064,"$1,000,000",6,8,17,25,26,31,15,7
2021-05-12,2063,Rollover,2,3,26,29,32,35,11,3
2021-05-08,2062,"$1,000,000",6,17,26,29,34,35,3,10
2021-05-05,2061,Rollover,2,9,21,25,26,38,18,4
2021-05-01,2060,"$1,000,000",7,20,25,30,31,33,12,6
2021-06-30,2077,Rollover,1,8,9,13,22,35,15,6
2021-06-26,2076,"$1,000,000",1,2,6,11,26,32,10,3
2021-06-23,2075,"$1,000,000",8,17,18,26,27,38,10,1
2021-06-19,2074,"$1,000,000",12,13,23,27,30,31,32,7
2021-06-16,2073,"$1,000,000",17,22,25,26,35,39,19,6
2021-06-12,2072,"$1,000,000",4,12,15,18,24,36,3,9
2021-06-09,2071,Rollover,3,6,18,21,29,35,19,1
2021-06-05,2070,"$1,000,000",17,19,26,29,32,39,22,2
2021-06-02,2069,"$1,000,000",3,4,10,14,37,38,34,5
2021-07-31,2086,"$1,000,000",6,8,23,29,34,40,1,3
2021-07-28,2085,"$1,000,000",6,8,9,10,20,30,29,9
2021-07-24,2084,"$1,000,002",7,9,10,14,24,35,1,8
2021-07-21,2083,"$1,000,000",5,7,28,29,33,38,23,3
2021-07-17,2082,"$1,000,000",3,5,8,11,32,36,37,3
2021-07-14,2081,"$1,000,000",6,12,13,19,21,38,33,8
2021-07-10,2080,"$1,000,000",7,14,19,22,25,26,27,9
2021-07-07,2079,Rollover,3,8,14,15,30,31,39,3
2021-07-03,2078,"$1,000,000",4,5,12,21,22,40,7,2
2021-08-28,2094,"$1,000,000",6,22,26,28,29,39,25,4
2021-08-25,2093,"$1,000,000",11,12,29,33,34,38,23,3
2021-08-21,2092,"$1,000,000",4,12,14,18,23,24,8,7
2021-08-18,2091,"$1,000,000",1,5,18,23,32,40,29,6
2021-08-14,2090,"$1,000,000",10,23,24,29,35,38,25,1
2021-08-11,2089,"$1,000,000",3,7,10,18,25,29,16,1
2021-08-07,2088,"$1,000,000",9,11,13,14,17,27,5,5
2021-08-04,2087,Rollover,13,26,28,30,34,39,1,3
2021-09-29,2103,"$1,000,000",12,23,25,33,38,40,6,9
2021-09-25,2102,"$1,000,000",5,16,19,23,33,40,20,1
2021-09-22,2101,"$1,000,000",8,11,21,23,28,34,4,3
2021-09-18,2100,"$1,000,000",6,15,18,19,21,32,23,1
2021-09-15,2099,"$1,000,000",14,19,22,24,28,37,23,9
2021-09-11,2098,"$1,000,000",4,14,17,21,23,35,32,7
2021-09-08,2097,"$1,000,000",3,27,33,35,36,37,2,3
2021-09-04,2096,"$1,000,000",8,10,12,26,33,35,11,7
2021-09-01,2095,"$1,000,000",2,10,18,25,27,30,40,1
2021-10-30,2112,"$1,000,000",5,7,8,17,21,40,39,8
2021-10-27,2111,"$1,000,000",27,28,31,32,36,38,9,9
2021-10-23,2110,"$1,000,000",12,13,18,21,26,32,17,10
2021-10-20,2109,"$1,000,000",2,3,4,7,19,31,8,9
2021-10-16,2108,"$1,000,000",2,7,19,28,32,40,13,1
2021-10-13,2107,"$1,000,000",5,19,21,28,30,39,2,10
2021-10-09,2106,"$1,000,000",1,5,13,28,33,37,25,10
2021-10-06,2105,"$1,000,000",9,21,22,32,35,37,28,5
2021-10-02,2104,"$1,000,000",8,9,10,14,23,38,2,2
2021-11-27,2120,"$1,000,000",8,17,20,26,31,37,7,4
2021-11-24,2119,Rollover,2,4,6,13,20,36,28,5
2021-11-20,2118,"$1,000,000",2,3,4,17,24,28,8,3
2021-11-17,2117,Rollover,6,7,10,30,34,39,20,9
2021-11-13,2116,"$1,000,000",6,16,18,25,30,39,5,5
2021-11-10,2115,"$1,000,000",9,12,18,21,37,40,26,7
2021-11-06,2114,"$1,000,000",5,18,20,26,31,37,15,4
2021-11-03,2113,"$1,000,000",10,15,17,25,33,35,16,5
2021-12-29,2129,"$1,000,000",5,7,12,13,39,40,2,1
2021-12-25,2128,"$1,000,000",1,3,5,11,12,38,34,8
2021-12-22,2127,"$1,000,000",12,17,18,29,35,36,3,1
2021-12-18,2126,"$1,000,000",3,4,6,13,14,17,9,7
2021-12-15,2125,"$1,000,000",4,9,19,23,27,29,28,5
2021-12-11,2124,"$1,000,000",15,20,24,31,34,36,28,1
2021-12-08,2123,Rollover,5,10,12,28,32,36,37,4
2021-12-04,2122,"$1,000,000",2,9,21,24,29,39,18,7
2021-12-01,2121,"$1,000,000",6,10,11,15,28,31,14,5
2022-01-29,2138,"$1,000,000",12,16,19,25,29,36,35,3
2022-01-26,2137,"$1,000,000",6,15,25,34,36,38,1,8
2022-01-22,2136,"$1,000,000",2,4,11,13,25,27,40,5
2022-01-19,2135,"$1,000,000",2,4,11,13,23,32,17,7
2022-01-15,2134,"$1,000,000",13,17,20,21,30,34,40,5
2022-01-12,2133,Rollover,8,13,20,24,25,32,31,4
2022-01-08,2132,Rollover,14,15,16,23,24,38,28,8
2022-01-05,2131,Rollover,9,15,17,32,37,38,20,5
2022-01-01,2130,Rollover,3,6,19,20,23,29,21,9
2022-02-26,2146,"$1,000,000",1,20,21,26,27,36,12,7
2022-02-23,2145,"$1,000,000",10,12,17,27,29,30,13,1
2022-02-19,2144,"$1,000,000",6,14,17,24,29,32,38,5
2022-02-16,2143,"$1,000,000",5,7,33,34,38,40,2,8
2022-02-12,2142,"$1,000,000",8,11,15,27,32,33,7,2
2022-02-09,2141,"$1,000,000",3,12,22,31,34,35,18,2
2022-02-05,2140,"$1,000,000",5,11,12,22,33,39,10,9
2022-02-02,2139,"$1,000,000",9,16,25,29,32,39,34,7
2022-03-30,2155,"$1,000,000",4,5,6,15,22,40,39,1
2022-03-26,2154,"$1,000,002",2,5,11,20,23,25,35,4
2022-03-23,2153,"$1,000,000",1,5,16,23,24,39,38,10
2022-03-19,2152,"$1,000,000",17,20,23,30,31,40,9,9
2022-03-16,2151,"$1,000,000",4,11,14,15,24,35,22,6
2022-03-12,2150,"$1,000,000",5,22,23,26,28,34,32,5
2022-03-09,2149,"$1,000,000",5,13,15,16,28,39,9,3
2022-03-05,2148,"$1,000,000",5,6,12,18,25,27,39,3
2022-03-02,2147,"$1,000,000",3,6,16,23,32,38,11,8
2022-04-30,2164,"$1,000,000",2,6,15,22,29,38,27,8
2022-04-27,2163,"$1,000,000",12,16,19,24,25,37,1,5
2022-04-23,2162,"$1,000,000",3,13,19,23,30,32,25,5
2022-04-20,2161,"$1,000,000",3,4,15,17,19,34,11,5
2022-04-16,2160,"$1,000,000",4,21,22,23,30,37,7,10
2022-04-13,2159,"$1,000,000",4,5,31,32,39,40,37,10
2022-04-09,2158,"$1,000,000",4,13,27,28,35,36,21,7
2022-04-06,2157,"$1,000,000",7,10,27,31,37,38,21,6
2022-04-02,2156,Rollover,2,9,17,18,30,38,37,8
2022-05-28,2172,Rollover,10,13,17,26,30,31,12,7
2022-05-25,2171,"$1,000,000",1,3,14,20,29,33,25,7
2022-05-21,2170,"$1,000,000",12,15,19,28,39,40,17,4
2022-05-18,2169,"$1,000,000",1,7,23,29,31,37,22,4
2022-05-14,2168,"$1,000,000",3,5,7,18,31,35,4,6
2022-05-11,2167,"$1,000,000",21,22,25,28,33,37,2,1
2022-05-07,2166,"$1,000,000",5,14,16,24,31,39,30,8
2022-05-04,2165,Rollover,5,19,21,26,28,31,34,5
2022-06-29,2181,"$1,000,000",7,10,25,27,28,29,18,3
2022-06-25,2180,"$1,000,000",4,20,33,37,39,40,29,2
2022-06-22,2179,"$1,000,000",2,5,9,22,29,34,1,7
2022-06-18,2178,"$1,000,000",6,13,15,17,33,38,3,4
2022-06-15,2177,"$1,000,000",9,12,21,22,25,35,8,2
2022-06-11,2176,"$1,000,000",3,4,5,21,24,40,33,6
2022-06-08,2175,"$1,000,000",10,11,17,19,32,36,21,9
2022-06-04,2174,"$1,000,000",5,10,19,30,31,36,34,7
2022-06-01,2173,"$1,000,000",2,5,6,9,25,35,13,2
2022-07-16,2186,"$1,000,000",3,16,18,30,31,34,17,8
2022-07-13,2185,Rollover,2,3,6,9,15,40,8,3
2022-07-09,2184,"$1,000,000",2,22,23,24,32,38,25,1
2022-07-06,2183,"$1,000,000",10,24,28,31,35,38,11,1
2022-07-02,2182,"$1,000,000",4,7,23,26,27,33,2,1
2022-08-31,2199,"$1,000,000",8,13,14,24,31,33,35,4
2022-08-27,2198,"$1,000,000",12,21,30,32,35,39,17,6
2022-08-24,2197,"$1,000,000",6,18,24,29,30,34,31,1
2022-09-28,2207,Rollover,1,3,6,20,31,37,11,8
2022-09-24,2206,"$1,000,000",7,15,23,25,26,27,11,10
2022-09-21,2205,"$1,000,000",8,13,24,27,28,35,40,3
2022-09-17,2204,"$1,000,000",3,9,12,34,37,38,18,2
2022-09-14,2203,"$1,000,000",4,5,18,27,31,34,30,8
2022-09-10,2202,"$1,000,000",2,10,14,17,21,33,35,2
2022-09-07,2201,Rollover,5,12,19,21,26,38,37,9
2022-09-03,2200,"$1,000,000",12,16,19,24,38,39,6,1
2022-10-29,2216,"$1,000,000",17,20,26,32,33,39,9,6
2022-10-26,2215,"$1,000,000",7,15,21,22,29,39,37,2
2022-10-22,2214,"$1,000,000",6,9,15,29,33,34,27,6
2022-10-19,2213,"$1,000,000",10,12,17,25,30,32,23,6
2022-10-15,2212,"$1,000,000",2,4,8,10,15,33,17,10
2022-10-12,2211,"$1,000,000",9,15,22,27,37,39,31,1
2022-10-08,2210,Rollover,4,10,12,25,31,40,36,1
2022-10-05,2209,"$1,000,000",2,8,9,16,25,34,21,10
2022-10-01,2208,"$1,000,000",4,16,29,31,32,33,3,9
2022-11-30,2225,Rollover,4,8,10,12,21,28,5,8
2022-11-26,2224,"$1,000,000",3,5,27,29,31,38,21,5
2022-11-23,2223,"$1,000,000",14,15,16,20,29,39,11,7
2022-11-19,2222,"$1,000,000",4,6,12,23,26,27,19,9
2022-11-16,2221,Rollover,2,13,23,24,34,40,19,4
2022-11-12,2220,"$1,000,000",13,22,25,26,37,40,6,7
2022-11-09,2219,"$1,000,000",10,11,20,24,26,32,17,8
2022-11-05,2218,"$1,000,000",12,17,18,22,25,27,38,3
2022-11-02,2217,"$1,000,000",12,20,22,24,28,31,4,1
2022-12-31,2234,"$1,000,000",13,19,23,33,34,36,4,8
2022-12-28,2233,Rollover,1,3,11,27,33,37,26,7
2022-12-24,2232,"$1,000,000",2,3,4,19,30,31,24,5
2022-12-21,2231,"$1,000,000",7,14,18,26,34,37,35,1
2022-12-17,2230,"$1,000,000",8,10,20,21,24,33,23,10
2022-12-14,2229,"$1,000,000",9,22,26,31,32,33,15,8
2022-12-10,2228,Rollover,5,7,9,19,24,36,15,1
2022-12-07,2227,"$1,000,000",8,9,13,23,25,40,12,7
2022-12-03,2226,"$1,000,000",1,9,12,19,21,33,36,10
2023-01-28,2242,"$1,000,000",13,16,17,22,27,28,3,8
2023-01-25,2241,"$1,000,000",5,11,12,18,24,30,20,7
2023-01-21,2240,"$1,000,000",4,19,28,35,37,40,30,7
2023-01-18,2239,"$1,000,000",1,4,7,23,28,35,17,7
2023-01-14,2238,"$1,000,000",5,20,28,29,32,38,3,9
2023-01-11,2237,"$1,000,000",9,10,18,22,24,33,4,8
2023-01-07,2236,"$1,000,000",1,3,7,15,24,30,22,9
2023-01-04,2235,"$1,000,000",5,9,13,16,23,25,14,1
2023-02-25,2250,"$1,000,000",14,18,22,28,30,32,23,5
2023-02-22,2249,"$1,000,000",1,2,23,25,30,31,3,1
2023-02-18,2248,Rollover,4,5,16,20,22,33,26,7
2023-02-15,2247,"$1,000,000",7,24,26,27,28,39,37,9
2023-02-11,2246,Rollover,5,14,28,32,34,36,10,8
2023-02-08,2245,Rollover,2,10,15,18,24,29,5,4
2023-02-04,2244,"$1,000,000",11,13,19,21,36,40,27,5
2023-02-01,2243,"$1,000,000",1,3,9,11,31,39,24,2
2023-03-29,2259,"$1,000,000",14,23,24,35,36,37,29,9
2023-03-25,2258,"$1,000,000",4,5,8,19,28,31,38,7
2023-03-22,2257,"$1,000,000",7,16,29,32,33,38,9,1
2023-03-18,2256,"$1,000,000",4,11,17,27,37,38,26,3
2023-03-15,2255,Rollover,3,4,5,24,33,39,16,8
2023-03-11,2254,"$1,000,000",6,19,26,28,37,39,27,5
2023-03-08,2253,"$1,000,000",1,2,9,17,23,39,37,5
2023-03-04,2252,"$1,000,000",11,19,21,25,34,35,9,1
2023-03-01,2251,Rollover,14,15,17,26,34,35,30,1
2023-04-29,2268,Rollover,4,8,25,27,36,40,19,3
2023-04-26,2267,"$1,000,000",3,15,23,29,36,40,4,7
2023-04-22,2266,"$1,000,000",1,12,13,18,21,34,6,9
2023-04-19,2265,"$1,000,000",2,3,13,25,27,33,22,3
2023-04-15,2264,"$1,000,000",1,2,19,23,29,35,36,4
2023-04-12,2263,"$1,000,000",1,10,12,19,28,35,34,5
2023-04-08,2262,"$1,000,000",12,24,31,34,36,37,39,4
2023-04-05,2261,Rollover,5,14,17,25,28,38,13,7
2023-04-01,2260,"$1,000,000",7,10,18,20,33,40,17,10
2023-05-31,2277,"$1,000,000",3,11,14,18,21,25,23,8
2023-05-27,2276,"$1,000,000",4,15,17,21,22,29,2,3
2023-05-24,2275,Rollover,5,17,28,30,33,38,34,8
2023-05-20,2274,Rollover,14,31,32,37,38,40,22,1
2023-05-17,2273,"$1,000,000",2,12,13,20,23,38,36,6
2023-05-13,2272,"$1,000,000",7,16,17,18,19,34,26,3
2023-05-10,2271,Rollover,4,20,22,31,35,38,29,6
2023-05-06,2270,"$1,000,000",8,10,15,18,25,27,21,1
2023-05-03,2269,"$1,000,000",8,11,20,30,33,39,18,10
2023-06-28,2285,"$1,000,000",4,5,8,15,31,33,29,10
2023-06-24,2284,"$1,000,000",6,7,21,22,23,40,29,10
2023-06-21,2283,"$1,000,000",4,8,10,16,28,32,40,10
2023-06-17,2282,"$1,000,000",2,10,13,17,19,21,30,1
2023-06-14,2281,"$1,000,000",2,3,9,18,22,37,23,8
2023-06-10,2280,Rollover,2,10,15,23,24,40,27,1
2023-06-07,2279,"$1,000,000",6,15,24,30,34,37,29,7
2023-06-03,2278,"$1,000,000",3,4,6,19,25,29,18,7
2023-07-29,2294,"$1,000,000",4,10,13,18,21,34,40,3
2023-07-26,2293,"$1,000,000",17,19,23,25,27,37,13,8
2023-07-22,2292,"$1,000,000",3,4,12,22,24,25,10,9
2023-07-19,2291,"$1,000,000",6,20,23,28,35,38,2,2
2023-07-15,2290,"$1,000,000",7,11,15,21,24,34,6,1
2023-07-12,2289,Rollover,8,22,29,34,36,37,11,6
2023-07-08,2288,"$1,000,000",6,8,10,18,25,32,2,4
2023-07-05,2287,"$1,000,000",4,7,26,29,36,38,23,5
2023-07-01,2286,"$1,000,000",9,23,24,25,30,34,10,5
2023-08-30,2303,"$1,000,000",9,17,22,30,36,40,20,5
2023-08-26,2302,"$1,000,000",22,23,26,30,36,39,28,2
2023-08-23,2301,"$1,000,000",1,14,15,17,18,24,8,6
2023-08-19,2300,"$1,000,000",5,18,26,28,31,39,16,9
2023-08-16,2299,"$1,000,000",7,17,19,29,36,38,20,5
2023-08-12,2298,"$1,000,000",15,19,20,23,31,33,8,1
2023-08-09,2297,"$1,000,000",4,13,14,34,35,40,15,7
2023-08-05,2296,"$1,000,000",18,23,24,26,28,32,16,1
2023-08-02,2295,Rollover,6,23,25,27,28,32,17,9
2023-09-30,2312,"$1,000,000",1,21,22,27,29,31,3,3
2023-09-27,2311,"$1,000,000",3,6,9,11,19,27,23,6
2023-09-23,2310,"$1,000,000",15,25,27,28,37,40,33,5
2023-09-20,2309,"$1,000,000",4,12,27,29,37,38,30,10
2023-09-16,2308,"$1,000,000",5,13,20,32,34,35,6,6
2023-09-13,2307,"$1,000,000",1,2,16,21,33,40,39,9
2023-09-09,2306,"$1,000,000",4,8,17,24,32,37,12,1
2023-09-06,2305,"$1,000,000",13,22,25,26,32,36,21,4
2023-09-02,2304,"$1,000,000",1,5,6,20,36,39,2,8
2023-10-28,2320,"$1,000,000",2,14,22,24,35,36,9,6
2023-10-25,2319,Rollover,9,10,20,21,26,35,6,2
2023-10-21,2318,Rollover,8,13,26,29,33,40,23,4
2023-10-18,2317,"$1,000,000",6,11,13,28,36,40,32,1
2023-10-14,2316,"$1,000,000",4,6,9,12,20,36,5,1
2023-10-11,2315,"$1,000,000",1,7,12,14,19,31,30,10
2023-10-07,2314,"$1,000,000",5,25,28,34,36,38,15,1
2023-10-04,2313,Rollover,8,13,14,19,23,26,6,3
2023-11-29,2329,Rollover,2,3,5,9,14,36,25,9
2023-11-25,2328,"$1,000,000",13,16,31,33,35,37,19,9
2023-11-22,2327,"$1,000,000",3,9,16,19,25,34,1,5
2023-11-18,2326,"$1,000,000",7,11,12,27,33,39,24,5
2023-11-15,2325,"$1,000,000",7,12,17,19,34,36,21,10
2023-11-11,2324,"$1,000,000",5,19,23,31,39,40,25,1
2023-11-08,2323,"$1,000,000",2,3,11,20,25,39,14,10
2023-11-04,2322,"$1,000,000",10,11,12,23,24,25,6,10
2023-11-01,2321,"$1,000,000",2,6,13,26,28,32,16,8
2023-12-30,2338,"$1,000,000",10,15,17,25,33,38,30,7
2023-12-27,2337,"$1,000,000",4,7,9,13,16,21,6,6
2023-12-23,2336,Rollover,12,14,30,35,38,40,23,2
2023-12-20,2335,"$1,000,000",2,15,26,37,38,40,20,7
2023-12-16,2334,Rollover,1,7,23,31,35,37,5,7
2023-12-13,2333,"$1,000,000",4,10,21,24,34,40,31,4
2023-12-09,2332,"$1,000,000",4,16,22,24,27,30,5,3
2023-12-06,2331,"$1,000,000",17,23,27,34,36,40,9,1
2023-12-02,2330,"$1,000,000",1,16,18,33,34,36,15,8
2024-01-31,2347,"$1,000,000",2,6,10,25,36,40,38,10
2024-01-27,2346,"$1,000,000",8,11,13,20,25,32,7,1
2024-01-24,2345,"$1,000,002",3,5,12,13,26,40,1,8
2024-01-20,2344,"$1,000,000",3,17,18,21,23,33,9,7
2024-01-17,2343,"$1,000,000",1,3,12,18,25,40,30,10
2024-01-13,2342,"$1,000,000",5,7,9,12,15,27,21,2
2024-01-10,2341,"$1,000,000",4,5,12,13,28,34,24,4
2024-01-06,2340,"$1,000,000",8,16,25,29,31,37,12,9
2024-01-03,2339,"$1,000,000",10,13,15,22,23,35,21,9
2024-02-28,2355,"$1,000,000",5,13,26,28,30,34,15,2
2024-02-24,2354,"$1,000,000",6,13,16,35,36,38,7,3
2024-02-21,2353,Rollover,1,20,22,24,28,34,29,2
2024-02-17,2352,"$1,000,000",5,6,10,22,24,34,26,7
2024-02-14,2351,"$1,000,000",22,25,26,27,32,40,35,1
2024-02-10,2350,"$1,000,000",5,10,17,28,33,40,3,3
2024-02-07,2349,"$1,000,000",2,3,24,27,37,38,26,9
2024-02-03,2348,"$1,000,000",1,11,16,17,20,35,26,1
2024-03-30,2364,"$1,000,002",3,20,29,30,32,40,14,5
2024-03-27,2363,"$1,000,000",6,8,12,15,25,38,7,8
2024-03-23,2362,"$1,000,000",7,9,11,16,28,37,15,4
2024-03-20,2361,"$1,000,000",1,18,21,23,32,37,36,8
2024-03-16,2360,"$1,000,000",5,7,17,20,33,38,39,10
2024-03-13,2359,"$1,000,000",5,15,23,24,30,36,34,8
2024-03-09,2358,"$1,000,000",12,15,22,24,34,36,23,5
2024-03-06,2357,Rollover,13,17,27,33,35,38,19,8
2024-03-02,2356,"$1,000,000",1,5,6,28,29,40,17,1
2024-04-27,2372,Rollover,4,5,6,12,16,21,18,10
2024-04-24,2371,"$1,000,000",19,21,27,30,34,37,20,5
2024-04-20,2370,"$1,000,000",5,23,26,30,32,33,19,10
2024-04-17,2369,Rollover,1,2,14,15,17,19,34,9
2024-04-13,2368,"$1,000,002",11,14,20,31,33,36,26,2
2024-04-10,2367,"$1,000,002",8,11,12,17,21,24,9,10
2024-04-06,2366,"$1,000,000",2,5,6,10,21,30,36,3
2024-04-03,2365,"$1,000,000",9,11,16,17,29,30,25,2
2024-05-29,2381,"$1,000,000",8,10,16,27,29,35,19,3
2024-05-25,2380,"$1,000,000",7,10,28,33,37,39,4,4
2024-05-22,2379,"$1,000,000",10,19,21,29,36,39,14,10
2024-05-18,2378,"$1,000,000",13,20,21,22,31,40,7,7
2024-05-15,2377,"$1,000,000",6,11,13,21,28,37,29,3
2024-05-11,2376,Rollover,11,19,31,32,35,38,39,9
2024-05-08,2375,"$1,000,000",6,12,13,17,28,29,19,1
2024-05-04,2374,"$1,000,000",11,13,15,20,30,38,25,8
2024-05-01,2373,"$1,000,002",12,14,17,20,25,34,35,10
2024-06-29,2390,Rollover,1,7,8,32,34,35,27,9
2024-06-26,2389,"$1,000,000",12,16,32,34,36,39,3,1
2024-06-22,2388,"$1,000,000",1,3,10,17,30,31,25,4
2024-06-19,2387,"$1,000,000",2,8,16,18,23,26,20,7
2024-06-15,2386,"$1,000,000",3,8,13,20,38,40,35,2
2024-06-12,2385,"$1,000,000",7,9,16,19,30,35,27,4
2024-06-08,2384,"$1,000,006",10,21,22,30,35,37,5,2
2024-06-05,2383,"$1,000,002",2,13,15,22,23,33,32,3
2024-06-01,2382,"$1,000,000",15,20,33,34,38,39,16,7
2024-07-31,2399,"$1,000,000",8,17,25,31,33,36,18,4
2024-07-27,2398,"$1,000,000",1,10,12,14,34,38,30,8
2024-07-24,2397,"$1,000,000",1,11,18,29,31,38,24,10
2024-07-20,2396,"$1,000,000",2,4,10,25,30,40,11,9
2024-07-17,2395,"$1,000,000",6,7,13,31,33,34,20,5
2024-07-13,2394,"$1,000,000",11,13,15,19,31,38,7,8
2024-07-10,2393,Rollover,2,7,16,23,30,40,36,10
2024-07-06,2392,"$1,000,000",9,12,16,17,24,28,18,3
2024-07-03,2391,"$1,000,000",12,27,28,34,35,37,25,2
2024-08-31,2408,"$1,000,000",8,14,16,24,34,39,4,2
2024-08-28,2407,"$1,000,000",1,4,20,31,35,37,13,9
2024-08-24,2406,"$1,000,000",5,10,14,19,25,38,34,3
2024-08-21,2405,"$1,000,000",7,12,16,17,30,38,6,6
2024-08-17,2404,"$1,000,000",7,22,33,34,36,37,32,8
2024-08-14,2403,"$1,000,000",5,12,24,25,29,32,15,10
2024-08-10,2402,"$1,000,005",3,6,17,24,25,30,36,1
2024-08-07,2401,"$1,000,000",13,15,29,30,31,40,12,3
2024-08-03,2400,"$1,000,000",1,17,19,27,28,29,24,1
2024-09-28,2416,Rollover,12,16,24,28,34,35,32,8
2024-09-25,2415,"$1,000,000",2,3,5,17,27,30,10,10
2024-09-21,2414,"$1,000,000",10,12,19,21,25,36,34,6
2024-09-18,2413,"$1,000,000",1,5,8,19,34,37,13,3
2024-09-14,2412,"$1,000,002",3,15,18,22,31,32,27,10
2024-09-11,2411,"$1,000,000",3,10,15,19,22,26,4,8
2024-09-07,2410,"$1,000,006",2,4,8,9,33,40,17,8
2024-09-04,2409,"$1,000,000",9,16,28,31,35,36,24,2
2024-10-30,2425,"$1,000,000",10,22,24,25,31,36,39,1
2024-10-26,2424,"$1,000,000",1,10,17,25,26,28,19,5
2024-10-23,2423,"$1,000,000",12,17,21,28,30,32,36,10
2024-10-19,2422,"$1,000,000",2,15,20,21,26,30,5,1
2024-10-16,2421,"$1,000,000",5,6,11,17,18,40,19,4
2024-10-12,2420,"$1,000,000",10,11,20,24,28,33,23,1
2024-10-09,2419,"$1,000,000",1,3,10,24,32,38,7,3
2024-10-05,2418,"$1,000,002",2,3,11,12,30,36,6,6
2024-10-02,2417,Rollover,10,12,22,28,31,39,17,8
2024-11-30,2434,"$1,000,000",3,10,17,25,27,28,11,1
2024-11-27,2433,"$1,000,000",12,17,25,27,28,39,5,10
2024-11-23,2432,"$1,000,000",3,17,22,27,29,40,9,8
2024-11-20,2431,Rollover,7,15,20,30,38,40,16,5
2024-11-16,2430,"$1,000,000",3,5,12,19,28,39,7,7
2024-11-13,2429,"$1,000,000",3,11,29,30,32,38,23,2
2024-11-09,2428,"$1,000,000",2,12,13,16,18,28,21,7
2024-11-06,2427,"$1,000,000",7,17,30,31,38,40,14,2
2024-11-02,2426,"$1,000,000",5,13,21,29,33,39,23,10
2024-12-28,2442,"$1,000,000",2,9,19,26,30,36,13,4
2024-12-25,2441,"$1,000,000",6,13,15,18,29,31,26,2
2024-12-21,2440,"$1,000,000",2,3,9,21,24,33,11,8
2024-12-18,2439,"$1,000,000",3,13,14,23,31,35,32,1
2024-12-14,2438,"$1,000,000",10,14,17,21,24,32,4,10
2024-12-11,2437,Rollover,18,19,25,32,35,39,9,10
2024-12-07,2436,"$1,000,000",3,7,16,24,27,29,13,9
2024-12-04,2435,"$1,000,000",6,7,17,20,23,35,39,6
2025-01-29,2451,"$1,000,000",1,3,15,16,27,40,20,5
2025-01-25,2450,"$1,000,000",1,9,17,23,34,38,25,6
2025-01-22,2449,"$1,000,000",1,5,10,16,20,25,28,6
2025-01-18,2448,"$1,000,000",12,13,21,26,34,38,14,3
2025-01-15,2447,"$1,000,000",3,9,20,34,37,40,19,8
2025-01-11,2446,"$1,000,000",7,10,13,22,37,40,17,6
2025-01-08,2445,"$1,000,000",14,15,20,32,33,34,13,9
2025-01-04,2444,"$1,000,000",2,16,20,28,31,36,11,6
2025-01-01,2443,"$1,000,000",8,16,17,21,23,27,32,5
2025-02-26,2459,"$1,000,000",11,21,22,23,29,38,2,4
2025-02-22,2458,Rollover,4,8,10,16,23,33,34,10
2025-02-19,2457,"$1,000,000",11,13,18,21,24,38,1,5
2025-02-15,2456,"$1,000,000",5,13,14,16,21,37,23,3
2025-02-12,2455,Rollover,2,10,28,31,33,34,29,8
2025-02-08,2454,"$1,000,000",1,7,9,12,15,33,10,3
2025-02-05,2453,"$1,000,000",1,5,11,18,21,37,13,5
2025-02-01,2452,"$1,000,000",1,4,24,30,34,39,36,8
2025-03-29,2468,"$1,000,000",4,11,14,15,21,36,24,6
2025-03-26,2467,Rollover,8,12,18,22,29,31,17,10
2025-03-22,2466,"$1,000,000",5,6,12,19,24,26,3,9
2025-03-19,2465,"$1,000,000",1,4,13,25,26,27,16,6
2025-03-15,2464,"$1,000,000",4,10,12,27,29,36,31,6
2025-03-12,2463,"$1,000,000",1,9,25,29,31,33,27,7
2025-03-08,2462,"$1,000,000",5,11,12,23,38,39,1,6
2025-03-05,2461,"$1,000,000",6,9,11,14,17,33,10,6
2025-03-01,2460,"$1,000,000",2,17,20,22,27,30,21,8
2025-04-09,2471,"$1,000,000",8,14,15,21,24,33,34,1
2025-04-05,2470,Rollover,3,21,27,37,38,39,18,5
2025-04-02,2469,Rollover,14,25,26,29,33,40,20,7
2025-10-18,2526,"$1,000,000",10,20,26,32,33,37,29,2
2025-11-29,2538,Rollover,8,11,19,29,33,37,3,3
2025-11-26,2537,"$1,000,000",4,5,9,21,32,34,3,1
2025-11-22,2536,"$1,000,000",2,6,10,12,28,30,22,8
2025-11-19,2535,Rollover,2,10,18,25,29,31,21,3
2025-12-31,2547,"$1,000,000",1,3,11,23,26,33,39,10
2025-12-27,2546,"$1,000,000",2,14,19,23,26,27,7,3
2025-12-24,2545,"$1,000,000",2,17,18,23,28,33,31,7
2025-12-20,2544,"$1,000,000",2,14,17,19,31,33,9,1
2025-12-17,2543,"$1,000,000",4,8,15,18,22,27,3,6
2025-12-13,2542,"$1,000,000",7,10,18,21,24,39,34,4
2025-12-10,2541,"$1,000,000",5,6,13,27,31,32,3,4
2025-12-06,2540,Rollover,4,17,29,31,35,37,33,7
2025-12-03,2539,"$1,000,000",3,9,24,30,38,40,34,2
2026-01-31,2556,"$1,000,000",2,14,16,23,34,35,20,3
2026-01-28,2555,"$1,000,000",6,9,10,15,22,25,18,5
2026-01-24,2554,"$1,000,000",1,3,13,16,21,40,38,3
2026-01-21,2553,"$1,000,000",3,9,10,13,14,40,39,6
2026-01-17,2552,"$1,000,000",11,22,23,31,33,36,24,9
2026-01-14,2551,"$1,000,000",11,24,25,28,35,40,27,10
2026-01-10,2550,"$1,000,000",5,9,15,21,31,40,25,8
2026-01-07,2549,"$1,000,000",6,8,13,16,22,24,14,3
2026-01-03,2548,"$1,000,000",1,5,7,8,10,26,9,4
2026-02-28,2564,"$1,000,000",2,17,20,23,26,39,40,1
2026-02-25,2563,"$1,000,000",8,13,20,24,33,35,5,7
2026-02-21,2562,"$1,000,000",4,10,14,21,37,38,26,3
2026-02-18,2561,"$1,000,000",2,4,8,17,24,34,29,1
2026-02-14,2560,"$999,996",2,7,11,19,28,31,5,1
2026-02-11,2559,"$1,000,000",6,15,18,23,26,29,16,9
2026-02-07,2558,"$1,000,000",11,21,24,26,35,36,34,8
2026-02-04,2557,"$1,000,000",13,18,19,20,36,37,16,6
2026-03-28,2572,"$1,000,000",5,12,19,27,30,38,14,3
2026-03-25,2571,"$1,000,000",13,22,27,31,34,37,14,10
2026-03-21,2570,"$1,000,000",11,12,17,22,28,32,4,3
2026-03-18,2569,"$1,000,000",3,18,28,30,33,36,23,6
2026-03-14,2568,"$1,000,000",4,9,10,12,15,21,38,10
2026-03-11,2567,Rollover,7,12,22,32,35,38,11,4
2026-03-07,2566,Rollover,5,27,30,31,32,33,7,4
2026-03-04,2565,"$1,000,000",6,7,14,29,37,39,11,10
